-- phpMyAdmin SQL Dump
-- version 4.9.0.1
-- https://www.phpmyadmin.net/
--
-- Host: 127.0.0.1
-- Generation Time: Jul 26, 2023 at 11:30 AM
-- Server version: 10.3.16-MariaDB
-- PHP Version: 7.3.6

SET SQL_MODE = "NO_AUTO_VALUE_ON_ZERO";
SET AUTOCOMMIT = 0;
START TRANSACTION;
SET time_zone = "+00:00";


/*!40101 SET @OLD_CHARACTER_SET_CLIENT=@@CHARACTER_SET_CLIENT */;
/*!40101 SET @OLD_CHARACTER_SET_RESULTS=@@CHARACTER_SET_RESULTS */;
/*!40101 SET @OLD_COLLATION_CONNECTION=@@COLLATION_CONNECTION */;
/*!40101 SET NAMES utf8mb4 */;

--
-- Database: `ruralhaat`
--

-- --------------------------------------------------------

--
-- Table structure for table `category`
--

CREATE TABLE `category` (
  `category_id` int(200) NOT NULL,
  `category_name` varchar(500) NOT NULL,
  `category_keyword` varchar(500) NOT NULL,
  `category_image` varchar(500) NOT NULL,
  `category_color` varchar(200) NOT NULL,
  `category_since` timestamp NOT NULL DEFAULT current_timestamp()
) ENGINE=InnoDB DEFAULT CHARSET=latin1;

--
-- Dumping data for table `category`
--

INSERT INTO `category` (`category_id`, `category_name`, `category_keyword`, `category_image`, `category_color`, `category_since`) VALUES
(1, 'Vegitable', 'dalan', 'veg.jpg', 'rgb(104,62,255)', '2023-06-10 06:36:03'),
(2, 'Grains', 'veg', 'grain.png', 'rgb(0,188,157)', '2023-06-10 06:36:03'),
(21, 'Animal Husbandry', 'machine', 'animalH.jpg', 'rgb(255,126,62)', '2023-06-10 06:47:17'),
(23, 'Fruit', 'apple', 'fruit.png', 'rgb(255,62,152)', '2023-06-10 06:48:37'),
(39, 'Furniture & Household', 'juice', 'Furniture-houseHold.png', 'rgb(231,107,119)', '2023-06-10 07:24:43'),
(71, 'Health & Fitness', '', 'Health-Fitness.png', 'rgb(57,68,76)', '2023-06-17 12:46:18'),
(74, 'Jobs', '', 'jobs.png', 'rgb(255,62,152)', '2023-06-17 12:49:56'),
(76, 'Kids Equipments', '', 'Kids-Equipments.png', 'rgb(253,183,3)', '2023-06-18 06:04:02'),
(77, 'Pets & Animals', '', 'Pets-Animals.png', 'rgb(253,183,5)', '2023-06-18 06:05:29'),
(99, 'Vehical', '', '31652984093093.jpg', 'red', '2023-07-22 15:27:00'),
(100, 'new', '', '', 'red', '2023-07-22 20:08:03'),
(101, 'sd', '', '', 'dsa', '2023-07-22 20:08:31'),
(109, 'ghfgfg', '', '', 'red', '2023-07-22 20:14:04'),
(110, 'as', '', '71652983933067.jpg', 'sadsda', '2023-07-22 20:14:34'),
(111, 'sad', '', '41652984093093.jpg', 'sad', '2023-07-22 20:15:15'),
(116, 'cxv', '', '51652984035622.jpg', 'cxv', '2023-07-22 20:17:46'),
(119, 'asd', '', '1png-clipart-loudspeaker-computer-icons-scalable-graphics-svg-icon-speaker-electronics-text.png', 'blue', '2023-07-25 12:03:49'),
(120, 'dsasd', '', '1WhatsApp Image 2023-03-17 at 19.29.21.jpeg', 'dsf', '2023-07-25 12:05:36'),
(121, 'dsdasdd', '', '2WhatsApp Image 2023-03-17 at 19.29.21.jpeg', 'sasad', '2023-07-25 12:28:33');

-- --------------------------------------------------------

--
-- Table structure for table `cities`
--

CREATE TABLE `cities` (
  `city_id` int(11) NOT NULL,
  `state_id` int(11) NOT NULL,
  `city_name` varchar(50) COLLATE utf8_unicode_ci NOT NULL,
  `city_status` tinyint(1) NOT NULL DEFAULT 1 COMMENT '1=Active | 0=Inactive'
) ENGINE=InnoDB DEFAULT CHARSET=utf8 COLLATE=utf8_unicode_ci;

--
-- Dumping data for table `cities`
--

INSERT INTO `cities` (`city_id`, `state_id`, `city_name`, `city_status`) VALUES
(1, 32, 'North and Middle Andaman', 1),
(2, 32, 'South Andaman', 1),
(3, 32, 'Nicobar', 1),
(4, 1, 'Adilabad', 1),
(5, 1, 'Anantapur', 1),
(6, 1, 'Chittoor', 1),
(7, 1, 'East Godavari', 1),
(8, 1, 'Guntur', 1),
(9, 1, 'Hyderabad', 1),
(10, 1, 'Kadapa', 1),
(11, 1, 'Karimnagar', 1),
(12, 1, 'Khammam', 1),
(13, 1, 'Krishna', 1),
(14, 1, 'Kurnool', 1),
(15, 1, 'Mahbubnagar', 1),
(16, 1, 'Medak', 1),
(17, 1, 'Nalgonda', 1),
(18, 1, 'Nellore', 1),
(19, 1, 'Nizamabad', 1),
(20, 1, 'Prakasam', 1),
(21, 1, 'Rangareddi', 1),
(22, 1, 'Srikakulam', 1),
(23, 1, 'Vishakhapatnam', 1),
(24, 1, 'Vizianagaram', 1),
(25, 1, 'Warangal', 1),
(26, 1, 'West Godavari', 1),
(27, 3, 'Anjaw', 1),
(28, 3, 'Changlang', 1),
(29, 3, 'East Kameng', 1),
(30, 3, 'Lohit', 1),
(31, 3, 'Lower Subansiri', 1),
(32, 3, 'Papum Pare', 1),
(33, 3, 'Tirap', 1),
(34, 3, 'Dibang Valley', 1),
(35, 3, 'Upper Subansiri', 1),
(36, 3, 'West Kameng', 1),
(37, 2, 'Barpeta', 1),
(38, 2, 'Bongaigaon', 1),
(39, 2, 'Cachar', 1),
(40, 2, 'Darrang', 1),
(41, 2, 'Dhemaji', 1),
(42, 2, 'Dhubri', 1),
(43, 2, 'Dibrugarh', 1),
(44, 2, 'Goalpara', 1),
(45, 2, 'Golaghat', 1),
(46, 2, 'Hailakandi', 1),
(47, 2, 'Jorhat', 1),
(48, 2, 'Karbi Anglong', 1),
(49, 2, 'Karimganj', 1),
(50, 2, 'Kokrajhar', 1),
(51, 2, 'Lakhimpur', 1),
(52, 2, 'Marigaon', 1),
(53, 2, 'Nagaon', 1),
(54, 2, 'Nalbari', 1),
(55, 2, 'North Cachar Hills', 1),
(56, 2, 'Sibsagar', 1),
(57, 2, 'Sonitpur', 1),
(58, 2, 'Tinsukia', 1),
(59, 4, 'Araria', 1),
(60, 4, 'Aurangabad', 1),
(61, 4, 'Banka', 1),
(62, 4, 'Begusarai', 1),
(63, 4, 'Bhagalpur', 1),
(64, 4, 'Bhojpur', 1),
(65, 4, 'Buxar', 1),
(66, 4, 'Darbhanga', 1),
(67, 4, 'Purba Champaran', 1),
(68, 4, 'Gaya', 1),
(69, 4, 'Gopalganj', 1),
(70, 4, 'Jamui', 1),
(71, 4, 'Jehanabad', 1),
(72, 4, 'Khagaria', 1),
(73, 4, 'Kishanganj', 1),
(74, 4, 'Kaimur', 1),
(75, 4, 'Katihar', 1),
(76, 4, 'Lakhisarai', 1),
(77, 4, 'Madhubani', 1),
(78, 4, 'Munger', 1),
(79, 4, 'Madhepura', 1),
(80, 4, 'Muzaffarpur', 1),
(81, 4, 'Nalanda', 1),
(82, 4, 'Nawada', 1),
(83, 4, 'Patna', 1),
(84, 4, 'Purnia', 1),
(85, 4, 'Rohtas', 1),
(86, 4, 'Saharsa', 1),
(87, 4, 'Samastipur', 1),
(88, 4, 'Sheohar', 1),
(89, 4, 'Sheikhpura', 1),
(90, 4, 'Saran', 1),
(91, 4, 'Sitamarhi', 1),
(92, 4, 'Supaul', 1),
(93, 4, 'Siwan', 1),
(94, 4, 'Vaishali', 1),
(95, 4, 'Pashchim Champaran', 1),
(96, 36, 'Bastar', 1),
(97, 36, 'Bilaspur', 1),
(98, 36, 'Dantewada', 1),
(99, 36, 'Dhamtari', 1),
(100, 36, 'Durg', 1),
(101, 36, 'Jashpur', 1),
(102, 36, 'Janjgir-Champa', 1),
(103, 36, 'Korba', 1),
(104, 36, 'Koriya', 1),
(105, 36, 'Kanker', 1),
(106, 36, 'Kawardha', 1),
(107, 36, 'Mahasamund', 1),
(108, 36, 'Raigarh', 1),
(109, 36, 'Rajnandgaon', 1),
(110, 36, 'Raipur', 1),
(111, 36, 'Surguja', 1),
(112, 29, 'Diu', 1),
(113, 29, 'Daman', 1),
(114, 25, 'Central Delhi', 1),
(115, 25, 'East Delhi', 1),
(116, 25, 'New Delhi', 1),
(117, 25, 'North Delhi', 1),
(118, 25, 'North East Delhi', 1),
(119, 25, 'North West Delhi', 1),
(120, 25, 'South Delhi', 1),
(121, 25, 'South West Delhi', 1),
(122, 25, 'West Delhi', 1),
(123, 26, 'North Goa', 1),
(124, 26, 'South Goa', 1),
(125, 5, 'Ahmedabad', 1),
(126, 5, 'Amreli District', 1),
(127, 5, 'Anand', 1),
(128, 5, 'Banaskantha', 1),
(129, 5, 'Bharuch', 1),
(130, 5, 'Bhavnagar', 1),
(131, 5, 'Dahod', 1),
(132, 5, 'The Dangs', 1),
(133, 5, 'Gandhinagar', 1),
(134, 5, 'Jamnagar', 1),
(135, 5, 'Junagadh', 1),
(136, 5, 'Kutch', 1),
(137, 5, 'Kheda', 1),
(138, 5, 'Mehsana', 1),
(139, 5, 'Narmada', 1),
(140, 5, 'Navsari', 1),
(141, 5, 'Patan', 1),
(142, 5, 'Panchmahal', 1),
(143, 5, 'Porbandar', 1),
(144, 5, 'Rajkot', 1),
(145, 5, 'Sabarkantha', 1),
(146, 5, 'Surendranagar', 1),
(147, 5, 'Surat', 1),
(148, 5, 'Vadodara', 1),
(149, 5, 'Valsad', 1),
(150, 6, 'Ambala', 1),
(151, 6, 'Bhiwani', 1),
(152, 6, 'Faridabad', 1),
(153, 6, 'Fatehabad', 1),
(154, 6, 'Gurgaon', 1),
(155, 6, 'Hissar', 1),
(156, 6, 'Jhajjar', 1),
(157, 6, 'Jind', 1),
(158, 6, 'Karnal', 1),
(159, 6, 'Kaithal', 1),
(160, 6, 'Kurukshetra', 1),
(161, 6, 'Mahendragarh', 1),
(162, 6, 'Mewat', 1),
(163, 6, 'Panchkula', 1),
(164, 6, 'Panipat', 1),
(165, 6, 'Rewari', 1),
(166, 6, 'Rohtak', 1),
(167, 6, 'Sirsa', 1),
(168, 6, 'Sonepat', 1),
(169, 6, 'Yamuna Nagar', 1),
(170, 6, 'Palwal', 1),
(171, 7, 'Bilaspur', 1),
(172, 7, 'Chamba', 1),
(173, 7, 'Hamirpur', 1),
(174, 7, 'Kangra', 1),
(175, 7, 'Kinnaur', 1),
(176, 7, 'Kulu', 1),
(177, 7, 'Lahaul and Spiti', 1),
(178, 7, 'Mandi', 1),
(179, 7, 'Shimla', 1),
(180, 7, 'Sirmaur', 1),
(181, 7, 'Solan', 1),
(182, 7, 'Una', 1),
(183, 8, 'Anantnag', 1),
(184, 8, 'Badgam', 1),
(185, 8, 'Bandipore', 1),
(186, 8, 'Baramula', 1),
(187, 8, 'Doda', 1),
(188, 8, 'Jammu', 1),
(189, 8, 'Kargil', 1),
(190, 8, 'Kathua', 1),
(191, 8, 'Kupwara', 1),
(192, 8, 'Leh', 1),
(193, 8, 'Poonch', 1),
(194, 8, 'Pulwama', 1),
(195, 8, 'Rajauri', 1),
(196, 8, 'Srinagar', 1),
(197, 8, 'Samba', 1),
(198, 8, 'Udhampur', 1),
(199, 34, 'Bokaro', 1),
(200, 34, 'Chatra', 1),
(201, 34, 'Deoghar', 1),
(202, 34, 'Dhanbad', 1),
(203, 34, 'Dumka', 1),
(204, 34, 'Purba Singhbhum', 1),
(205, 34, 'Garhwa', 1),
(206, 34, 'Giridih', 1),
(207, 34, 'Godda', 1),
(208, 34, 'Gumla', 1),
(209, 34, 'Hazaribagh', 1),
(210, 34, 'Koderma', 1),
(211, 34, 'Lohardaga', 1),
(212, 34, 'Pakur', 1),
(213, 34, 'Palamu', 1),
(214, 34, 'Ranchi', 1),
(215, 34, 'Sahibganj', 1),
(216, 34, 'Seraikela and Kharsawan', 1),
(217, 34, 'Pashchim Singhbhum', 1),
(218, 34, 'Ramgarh', 1),
(219, 9, 'Bidar', 1),
(220, 9, 'Belgaum', 1),
(221, 9, 'Bijapur', 1),
(222, 9, 'Bagalkot', 1),
(223, 9, 'Bellary', 1),
(224, 9, 'Bangalore Rural District', 1),
(225, 9, 'Bangalore Urban District', 1),
(226, 9, 'Chamarajnagar', 1),
(227, 9, 'Chikmagalur', 1),
(228, 9, 'Chitradurga', 1),
(229, 9, 'Davanagere', 1),
(230, 9, 'Dharwad', 1),
(231, 9, 'Dakshina Kannada', 1),
(232, 9, 'Gadag', 1),
(233, 9, 'Gulbarga', 1),
(234, 9, 'Hassan', 1),
(235, 9, 'Haveri District', 1),
(236, 9, 'Kodagu', 1),
(237, 9, 'Kolar', 1),
(238, 9, 'Koppal', 1),
(239, 9, 'Mandya', 1),
(240, 9, 'Mysore', 1),
(241, 9, 'Raichur', 1),
(242, 9, 'Shimoga', 1),
(243, 9, 'Tumkur', 1),
(244, 9, 'Udupi', 1),
(245, 9, 'Uttara Kannada', 1),
(246, 9, 'Ramanagara', 1),
(247, 9, 'Chikballapur', 1),
(248, 9, 'Yadagiri', 1),
(249, 10, 'Alappuzha', 1),
(250, 10, 'Ernakulam', 1),
(251, 10, 'Idukki', 1),
(252, 10, 'Kollam', 1),
(253, 10, 'Kannur', 1),
(254, 10, 'Kasaragod', 1),
(255, 10, 'Kottayam', 1),
(256, 10, 'Kozhikode', 1),
(257, 10, 'Malappuram', 1),
(258, 10, 'Palakkad', 1),
(259, 10, 'Pathanamthitta', 1),
(260, 10, 'Thrissur', 1),
(261, 10, 'Thiruvananthapuram', 1),
(262, 10, 'Wayanad', 1),
(263, 11, 'Alirajpur', 1),
(264, 11, 'Anuppur', 1),
(265, 11, 'Ashok Nagar', 1),
(266, 11, 'Balaghat', 1),
(267, 11, 'Barwani', 1),
(268, 11, 'Betul', 1),
(269, 11, 'Bhind', 1),
(270, 11, 'Bhopal', 1),
(271, 11, 'Burhanpur', 1),
(272, 11, 'Chhatarpur', 1),
(273, 11, 'Chhindwara', 1),
(274, 11, 'Damoh', 1),
(275, 11, 'Datia', 1),
(276, 11, 'Dewas', 1),
(277, 11, 'Dhar', 1),
(278, 11, 'Dindori', 1),
(279, 11, 'Guna', 1),
(280, 11, 'Gwalior', 1),
(281, 11, 'Harda', 1),
(282, 11, 'Hoshangabad', 1),
(283, 11, 'Indore', 1),
(284, 11, 'Jabalpur', 1),
(285, 11, 'Jhabua', 1),
(286, 11, 'Katni', 1),
(287, 11, 'Khandwa', 1),
(288, 11, 'Khargone', 1),
(289, 11, 'Mandla', 1),
(290, 11, 'Mandsaur', 1),
(291, 11, 'Morena', 1),
(292, 11, 'Narsinghpur', 1),
(293, 11, 'Neemuch', 1),
(294, 11, 'Panna', 1),
(295, 11, 'Rewa', 1),
(296, 11, 'Rajgarh', 1),
(297, 11, 'Ratlam', 1),
(298, 11, 'Raisen', 1),
(299, 11, 'Sagar', 1),
(300, 11, 'Satna', 1),
(301, 11, 'Sehore', 1),
(302, 11, 'Seoni', 1),
(303, 11, 'Shahdol', 1),
(304, 11, 'Shajapur', 1),
(305, 11, 'Sheopur', 1),
(306, 11, 'Shivpuri', 1),
(307, 11, 'Sidhi', 1),
(308, 11, 'Singrauli', 1),
(309, 11, 'Tikamgarh', 1),
(310, 11, 'Ujjain', 1),
(311, 11, 'Umaria', 1),
(312, 11, 'Vidisha', 1),
(313, 12, 'Ahmednagar', 1),
(314, 12, 'Akola', 1),
(315, 12, 'Amrawati', 1),
(316, 12, 'Aurangabad', 1),
(317, 12, 'Bhandara', 1),
(318, 12, 'Beed', 1),
(319, 12, 'Buldhana', 1),
(320, 12, 'Chandrapur', 1),
(321, 12, 'Dhule', 1),
(322, 12, 'Gadchiroli', 1),
(323, 12, 'Gondiya', 1),
(324, 12, 'Hingoli', 1),
(325, 12, 'Jalgaon', 1),
(326, 12, 'Jalna', 1),
(327, 12, 'Kolhapur', 1),
(328, 12, 'Latur', 1),
(329, 12, 'Mumbai City', 1),
(330, 12, 'Mumbai suburban', 1),
(331, 12, 'Nandurbar', 1),
(332, 12, 'Nanded', 1),
(333, 12, 'Nagpur', 1),
(334, 12, 'Nashik', 1),
(335, 12, 'Osmanabad', 1),
(336, 12, 'Parbhani', 1),
(337, 12, 'Pune', 1),
(338, 12, 'Raigad', 1),
(339, 12, 'Ratnagiri', 1),
(340, 12, 'Sindhudurg', 1),
(341, 12, 'Sangli', 1),
(342, 12, 'Solapur', 1),
(343, 12, 'Satara', 1),
(344, 12, 'Thane', 1),
(345, 12, 'Wardha', 1),
(346, 12, 'Washim', 1),
(347, 12, 'Yavatmal', 1),
(348, 13, 'Bishnupur', 1),
(349, 13, 'Churachandpur', 1),
(350, 13, 'Chandel', 1),
(351, 13, 'Imphal East', 1),
(352, 13, 'Senapati', 1),
(353, 13, 'Tamenglong', 1),
(354, 13, 'Thoubal', 1),
(355, 13, 'Ukhrul', 1),
(356, 13, 'Imphal West', 1),
(357, 14, 'East Garo Hills', 1),
(358, 14, 'East Khasi Hills', 1),
(359, 14, 'Jaintia Hills', 1),
(360, 14, 'Ri-Bhoi', 1),
(361, 14, 'South Garo Hills', 1),
(362, 14, 'West Garo Hills', 1),
(363, 14, 'West Khasi Hills', 1),
(364, 15, 'Aizawl', 1),
(365, 15, 'Champhai', 1),
(366, 15, 'Kolasib', 1),
(367, 15, 'Lawngtlai', 1),
(368, 15, 'Lunglei', 1),
(369, 15, 'Mamit', 1),
(370, 15, 'Saiha', 1),
(371, 15, 'Serchhip', 1),
(372, 16, 'Dimapur', 1),
(373, 16, 'Kohima', 1),
(374, 16, 'Mokokchung', 1),
(375, 16, 'Mon', 1),
(376, 16, 'Phek', 1),
(377, 16, 'Tuensang', 1),
(378, 16, 'Wokha', 1),
(379, 16, 'Zunheboto', 1),
(380, 17, 'Angul', 1),
(381, 17, 'Boudh', 1),
(382, 17, 'Bhadrak', 1),
(383, 17, 'Bolangir', 1),
(384, 17, 'Bargarh', 1),
(385, 17, 'Baleswar', 1),
(386, 17, 'Cuttack', 1),
(387, 17, 'Debagarh', 1),
(388, 17, 'Dhenkanal', 1),
(389, 17, 'Ganjam', 1),
(390, 17, 'Gajapati', 1),
(391, 17, 'Jharsuguda', 1),
(392, 17, 'Jajapur', 1),
(393, 17, 'Jagatsinghpur', 1),
(394, 17, 'Khordha', 1),
(395, 17, 'Kendujhar', 1),
(396, 17, 'Kalahandi', 1),
(397, 17, 'Kandhamal', 1),
(398, 17, 'Koraput', 1),
(399, 17, 'Kendrapara', 1),
(400, 17, 'Malkangiri', 1),
(401, 17, 'Mayurbhanj', 1),
(402, 17, 'Nabarangpur', 1),
(403, 17, 'Nuapada', 1),
(404, 17, 'Nayagarh', 1),
(405, 17, 'Puri', 1),
(406, 17, 'Rayagada', 1),
(407, 17, 'Sambalpur', 1),
(408, 17, 'Subarnapur', 1),
(409, 17, 'Sundargarh', 1),
(410, 27, 'Karaikal', 1),
(411, 27, 'Mahe', 1),
(412, 27, 'Puducherry', 1),
(413, 27, 'Yanam', 1),
(414, 18, 'Amritsar', 1),
(415, 18, 'Bathinda', 1),
(416, 18, 'Firozpur', 1),
(417, 18, 'Faridkot', 1),
(418, 18, 'Fatehgarh Sahib', 1),
(419, 18, 'Gurdaspur', 1),
(420, 18, 'Hoshiarpur', 1),
(421, 18, 'Jalandhar', 1),
(422, 18, 'Kapurthala', 1),
(423, 18, 'Ludhiana', 1),
(424, 18, 'Mansa', 1),
(425, 18, 'Moga', 1),
(426, 18, 'Mukatsar', 1),
(427, 18, 'Nawan Shehar', 1),
(428, 18, 'Patiala', 1),
(429, 18, 'Rupnagar', 1),
(430, 18, 'Sangrur', 1),
(431, 19, 'Ajmer', 1),
(432, 19, 'Alwar', 1),
(433, 19, 'Bikaner', 1),
(434, 19, 'Barmer', 1),
(435, 19, 'Banswara', 1),
(436, 19, 'Bharatpur', 1),
(437, 19, 'Baran', 1),
(438, 19, 'Bundi', 1),
(439, 19, 'Bhilwara', 1),
(440, 19, 'Churu', 1),
(441, 19, 'Chittorgarh', 1),
(442, 19, 'Dausa', 1),
(443, 19, 'Dholpur', 1),
(444, 19, 'Dungapur', 1),
(445, 19, 'Ganganagar', 1),
(446, 19, 'Hanumangarh', 1),
(447, 19, 'Juhnjhunun', 1),
(448, 19, 'Jalore', 1),
(449, 19, 'Jodhpur', 1),
(450, 19, 'Jaipur', 1),
(451, 19, 'Jaisalmer', 1),
(452, 19, 'Jhalawar', 1),
(453, 19, 'Karauli', 1),
(454, 19, 'Kota', 1),
(455, 19, 'Nagaur', 1),
(456, 19, 'Pali', 1),
(457, 19, 'Pratapgarh', 1),
(458, 19, 'Rajsamand', 1),
(459, 19, 'Sikar', 1),
(460, 19, 'Sawai Madhopur', 1),
(461, 19, 'Sirohi', 1),
(462, 19, 'Tonk', 1),
(463, 19, 'Udaipur', 1),
(464, 20, 'East Sikkim', 1),
(465, 20, 'North Sikkim', 1),
(466, 20, 'South Sikkim', 1),
(467, 20, 'West Sikkim', 1),
(468, 21, 'Ariyalur', 1),
(469, 21, 'Chennai', 1),
(470, 21, 'Coimbatore', 1),
(471, 21, 'Cuddalore', 1),
(472, 21, 'Dharmapuri', 1),
(473, 21, 'Dindigul', 1),
(474, 21, 'Erode', 1),
(475, 21, 'Kanchipuram', 1),
(476, 21, 'Kanyakumari', 1),
(477, 21, 'Karur', 1),
(478, 21, 'Madurai', 1),
(479, 21, 'Nagapattinam', 1),
(480, 21, 'The Nilgiris', 1),
(481, 21, 'Namakkal', 1),
(482, 21, 'Perambalur', 1),
(483, 21, 'Pudukkottai', 1),
(484, 21, 'Ramanathapuram', 1),
(485, 21, 'Salem', 1),
(486, 21, 'Sivagangai', 1),
(487, 21, 'Tiruppur', 1),
(488, 21, 'Tiruchirappalli', 1),
(489, 21, 'Theni', 1),
(490, 21, 'Tirunelveli', 1),
(491, 21, 'Thanjavur', 1),
(492, 21, 'Thoothukudi', 1),
(493, 21, 'Thiruvallur', 1),
(494, 21, 'Thiruvarur', 1),
(495, 21, 'Tiruvannamalai', 1),
(496, 21, 'Vellore', 1),
(497, 21, 'Villupuram', 1),
(498, 22, 'Dhalai', 1),
(499, 22, 'North Tripura', 1),
(500, 22, 'South Tripura', 1),
(501, 22, 'West Tripura', 1),
(502, 33, 'Almora', 1),
(503, 33, 'Bageshwar', 1),
(504, 33, 'Chamoli', 1),
(505, 33, 'Champawat', 1),
(506, 33, 'Dehradun', 1),
(507, 33, 'Haridwar', 1),
(508, 33, 'Nainital', 1),
(509, 33, 'Pauri Garhwal', 1),
(510, 33, 'Pithoragharh', 1),
(511, 33, 'Rudraprayag', 1),
(512, 33, 'Tehri Garhwal', 1),
(513, 33, 'Udham Singh Nagar', 1),
(514, 33, 'Uttarkashi', 1),
(515, 23, 'Agra', 1),
(516, 23, 'Allahabad', 1),
(517, 23, 'Aligarh', 1),
(518, 23, 'Ambedkar Nagar', 1),
(519, 23, 'Auraiya', 1),
(520, 23, 'Azamgarh', 1),
(521, 23, 'Barabanki', 1),
(522, 23, 'Badaun', 1),
(523, 23, 'Bagpat', 1),
(524, 23, 'Bahraich', 1),
(525, 23, 'Bijnor', 1),
(526, 23, 'Ballia', 1),
(527, 23, 'Banda', 1),
(528, 23, 'Balrampur', 1),
(529, 23, 'Bareilly', 1),
(530, 23, 'Basti', 1),
(531, 23, 'Bulandshahr', 1),
(532, 23, 'Chandauli', 1),
(533, 23, 'Chitrakoot', 1),
(534, 23, 'Deoria', 1),
(535, 23, 'Etah', 1),
(536, 23, 'Kanshiram Nagar', 1),
(537, 23, 'Etawah', 1),
(538, 23, 'Firozabad', 1),
(539, 23, 'Farrukhabad', 1),
(540, 23, 'Fatehpur', 1),
(541, 23, 'Faizabad', 1),
(542, 23, 'Gautam Buddha Nagar', 1),
(543, 23, 'Gonda', 1),
(544, 23, 'Ghazipur', 1),
(545, 23, 'Gorkakhpur', 1),
(546, 23, 'Ghaziabad', 1),
(547, 23, 'Hamirpur', 1),
(548, 23, 'Hardoi', 1),
(549, 23, 'Mahamaya Nagar', 1),
(550, 23, 'Jhansi', 1),
(551, 23, 'Jalaun', 1),
(552, 23, 'Jyotiba Phule Nagar', 1),
(553, 23, 'Jaunpur District', 1),
(554, 23, 'Kanpur Dehat', 1),
(555, 23, 'Kannauj', 1),
(556, 23, 'Kanpur Nagar', 1),
(557, 23, 'Kaushambi', 1),
(558, 23, 'Kushinagar', 1),
(559, 23, 'Lalitpur', 1),
(560, 23, 'Lakhimpur Kheri', 1),
(561, 23, 'Lucknow', 1),
(562, 23, 'Mau', 1),
(563, 23, 'Meerut', 1),
(564, 23, 'Maharajganj', 1),
(565, 23, 'Mahoba', 1),
(566, 23, 'Mirzapur', 1),
(567, 23, 'Moradabad', 1),
(568, 23, 'Mainpuri', 1),
(569, 23, 'Mathura', 1),
(570, 23, 'Muzaffarnagar', 1),
(571, 23, 'Pilibhit', 1),
(572, 23, 'Pratapgarh', 1),
(573, 23, 'Rampur', 1),
(574, 23, 'Rae Bareli', 1),
(575, 23, 'Saharanpur', 1),
(576, 23, 'Sitapur', 1),
(577, 23, 'Shahjahanpur', 1),
(578, 23, 'Sant Kabir Nagar', 1),
(579, 23, 'Siddharthnagar', 1),
(580, 23, 'Sonbhadra', 1),
(581, 23, 'Sant Ravidas Nagar', 1),
(582, 23, 'Sultanpur', 1),
(583, 23, 'Shravasti', 1),
(584, 23, 'Unnao', 1),
(585, 23, 'Varanasi', 1),
(586, 24, 'Birbhum', 1),
(587, 24, 'Bankura', 1),
(588, 24, 'Bardhaman', 1),
(589, 24, 'Darjeeling', 1),
(590, 24, 'Dakshin Dinajpur', 1),
(591, 24, 'Hooghly', 1),
(592, 24, 'Howrah', 1),
(593, 24, 'Jalpaiguri', 1),
(594, 24, 'Cooch Behar', 1),
(595, 24, 'Kolkata', 1),
(596, 24, 'Malda', 1),
(597, 24, 'Midnapore', 1),
(598, 24, 'Murshidabad', 1),
(599, 24, 'Nadia', 1),
(600, 24, 'North 24 Parganas', 1),
(601, 24, 'South 24 Parganas', 1),
(602, 24, 'Purulia', 1),
(603, 24, 'Uttar Dinajpur', 1);

-- --------------------------------------------------------

--
-- Table structure for table `contact`
--

CREATE TABLE `contact` (
  `contact_id` int(200) NOT NULL,
  `contact_name` varchar(255) NOT NULL,
  `contact_phone` varchar(255) NOT NULL,
  `contact_timestamp` timestamp NOT NULL DEFAULT current_timestamp() ON UPDATE current_timestamp(),
  `contact_title` varchar(100) NOT NULL,
  `contact_message` varchar(255) NOT NULL,
  `contact_email` varchar(200) NOT NULL,
  `de` int(52) NOT NULL
) ENGINE=InnoDB DEFAULT CHARSET=latin1;

--
-- Dumping data for table `contact`
--

INSERT INTO `contact` (`contact_id`, `contact_name`, `contact_phone`, `contact_timestamp`, `contact_title`, `contact_message`, `contact_email`, `de`) VALUES
(1, 'aman', '8520', '2023-07-22 11:42:32', 'title', 'msg', 'vjhb@hk', 0);

-- --------------------------------------------------------

--
-- Table structure for table `countries`
--

CREATE TABLE `countries` (
  `country_id` int(11) NOT NULL,
  `country_name` varchar(50) COLLATE utf8_unicode_ci NOT NULL,
  `country_status` tinyint(1) NOT NULL DEFAULT 1 COMMENT '1=Active | 0=Inactive'
) ENGINE=InnoDB DEFAULT CHARSET=utf8 COLLATE=utf8_unicode_ci;

--
-- Dumping data for table `countries`
--

INSERT INTO `countries` (`country_id`, `country_name`, `country_status`) VALUES
(1, 'USA', 1),
(2, 'Canada', 1);

-- --------------------------------------------------------

--
-- Table structure for table `cummunity_member`
--

CREATE TABLE `cummunity_member` (
  `member_id` int(200) NOT NULL,
  `member_name` varchar(500) NOT NULL,
  `member_designation` varchar(500) NOT NULL,
  `member_image` varchar(500) NOT NULL
) ENGINE=InnoDB DEFAULT CHARSET=latin1;

--
-- Dumping data for table `cummunity_member`
--

INSERT INTO `cummunity_member` (`member_id`, `member_name`, `member_designation`, `member_image`) VALUES
(1, 'Loyals', 'intern', 'happy-client-03.jpg'),
(2, 'Sonu', 'std', 'happy-client-02.jpg'),
(8, 'Swainaa', 'Siraa', '1png-transparent-international-general-knowledge-olympiad-igko-workbook-class-2-learning-school-class-knowledge-management-course-thumbnail.png'),
(15, 'Ram', 'Admin', 'user_avatar_09.jpg'),
(29, 'Shri Bhanu Pratap Singh', 'Hon\'ble Minister of State', '1pngtree-webcam-icon-in-cartoon-style-png-image_1772636.jpg'),
(30, 'Shri Bhanu Pratap Singh', 'Hon\'ble Minister of State', '2pngtree-webcam-icon-in-cartoon-style-png-image_1772636.jpg'),
(31, 'Shri Bhanu Pratap Singh', 'Hon\'ble Minister of State', '1653407879900.jpg'),
(37, 'sas', 'as', '1652984542580.jpg');

-- --------------------------------------------------------

--
-- Table structure for table `enquery`
--

CREATE TABLE `enquery` (
  `enquery_id` int(100) NOT NULL,
  `enquery_first_name` varchar(200) NOT NULL,
  `enquery_last_name` varchar(200) NOT NULL,
  `enquery_listing_id` int(200) NOT NULL,
  `enquery_timestamp` timestamp NOT NULL DEFAULT current_timestamp(),
  `enquery_email` varchar(200) NOT NULL,
  `enquery_phone` varchar(500) NOT NULL,
  `enquery_mac_address` varchar(100) NOT NULL,
  `enquery_seen` int(11) NOT NULL DEFAULT 0,
  `enquery_user_type` varchar(255) NOT NULL
) ENGINE=InnoDB DEFAULT CHARSET=latin1;

--
-- Dumping data for table `enquery`
--

INSERT INTO `enquery` (`enquery_id`, `enquery_first_name`, `enquery_last_name`, `enquery_listing_id`, `enquery_timestamp`, `enquery_email`, `enquery_phone`, `enquery_mac_address`, `enquery_seen`, `enquery_user_type`) VALUES
(72, 'sdasaddas', 'asdads', 0, '2023-07-25 17:59:39', 'sdf@dfds', '8669869436', '::1', 0, ''),
(73, 'sdasaddas', 'asdads', 3, '2023-07-25 18:08:01', 'sdf@dfds', '8669869436', '::1', 0, 'enquery'),
(74, 'sdasaddas', 'asdads', 10, '2023-07-25 18:08:21', 'sdf@dfds', '8669869436', '::1', 0, 'enquery');

-- --------------------------------------------------------

--
-- Table structure for table `listing`
--

CREATE TABLE `listing` (
  `listing_id` int(255) NOT NULL,
  `listing_title` varchar(500) NOT NULL,
  `listing_category_id` int(200) NOT NULL,
  `listing_keyword` varchar(500) NOT NULL,
  `listing_tag` varchar(500) NOT NULL,
  `listing_price` int(255) NOT NULL,
  `listing_sub_category_id` int(100) NOT NULL,
  `listing_description` varchar(2000) NOT NULL,
  `listing_country_id` varchar(300) NOT NULL,
  `listing_pincode` varchar(200) NOT NULL,
  `listing_state_id` int(50) NOT NULL,
  `listing_adderess` varchar(1000) NOT NULL,
  `listing_city_id` int(100) NOT NULL,
  `listing_image` varchar(255) NOT NULL,
  `listing_since` timestamp NOT NULL DEFAULT current_timestamp(),
  `listing_status` varchar(300) NOT NULL,
  `listing_permission` varchar(500) NOT NULL DEFAULT 'Pending',
  `listing_owner_id` int(255) NOT NULL,
  `is_listing_verified_by_admin` varchar(50) NOT NULL DEFAULT '0',
  `listing_rating_id` int(100) NOT NULL,
  `listing_view_count` int(200) NOT NULL DEFAULT 0,
  `listing_regular_price` varchar(500) DEFAULT NULL,
  `listing_last_timestamp` timestamp NOT NULL DEFAULT current_timestamp(),
  `listing_seen` int(11) NOT NULL DEFAULT 0,
  `listing_permission_timestamp` timestamp NOT NULL DEFAULT current_timestamp(),
  `listing_status_timestamp` timestamp NOT NULL DEFAULT current_timestamp()
) ENGINE=InnoDB DEFAULT CHARSET=latin1;

--
-- Dumping data for table `listing`
--

INSERT INTO `listing` (`listing_id`, `listing_title`, `listing_category_id`, `listing_keyword`, `listing_tag`, `listing_price`, `listing_sub_category_id`, `listing_description`, `listing_country_id`, `listing_pincode`, `listing_state_id`, `listing_adderess`, `listing_city_id`, `listing_image`, `listing_since`, `listing_status`, `listing_permission`, `listing_owner_id`, `is_listing_verified_by_admin`, `listing_rating_id`, `listing_view_count`, `listing_regular_price`, `listing_last_timestamp`, `listing_seen`, `listing_permission_timestamp`, `listing_status_timestamp`) VALUES
(1, 'Masoor dals', 2, 'dal', 'Dalhan', 1005, 74, 'Fresh Condition.', ' 1', '220022', 12, 'Mangalwari Complex, Sadar, Nagpur', 333, '4pngtree-webcam-icon-in-cartoon-style-png-image_1772636.jpg', '2023-06-06 11:26:05', 'Active', 'Approved', 166, '0', 1, 52, '0', '2023-07-01 13:39:05', 1, '2023-07-03 20:27:46', '2023-07-03 20:27:46'),
(2, 'For sale apple', 23, 'apple', 'grains dal', 2000, 81, 'Healthy', '1', '220022', 1, 'Kadbi Square, maharashtra', 1, 'istockphoto-184276818-612x612.jpg', '2023-06-06 12:10:14', 'Active', 'Approved', 166, '0', 0, 46, '0', '2023-07-01 13:39:05', 1, '2023-07-03 20:27:46', '2023-07-03 20:27:46'),
(3, 'For sale Dog', 77, 'dog', 'grains dal', 30000, 103, 'cute dog', '1', '220022', 12, 'Nari Square, Nagpur', 333, '10.jpg', '2023-06-06 12:10:30', 'Active', 'Approved', 166, '0', 0, 61, '0', '2023-07-01 13:39:05', 1, '2023-07-03 20:27:46', '2023-07-03 20:27:46'),
(4, 'For sale carrot', 1, 'carrot', 'grains dal', 400, 77, 'Full of Vitamins', '1', '220022', 12, 'amravati', 315, 'download.jpg', '2023-06-06 12:11:20', 'Active', 'Approved', 166, '0', 0, 293, '0', '2023-07-01 13:39:05', 1, '2023-07-03 20:27:46', '2023-07-03 20:27:46'),
(10, 'For sale chair', 39, 'chair', 'bike', 1000, 88, 'brand new', '1', '220022', 12, 'wardha', 345, '418QpEn9JKL._AC_UF894,1000_QL80_DpWeblab_.jpg', '2023-06-06 11:26:05', 'Active', 'Approved', 166, '0', 0, 13, '0', '2023-07-01 13:39:05', 1, '2023-07-03 20:27:46', '2023-07-03 20:27:46'),
(11, 'For sale sofa', 39, 'sofa', 'car', 20000, 87, 'strong table', '1', '220022', 23, 'Lucknow', 561, '07.jpg', '2023-06-06 12:10:14', 'Active', 'Approved', 166, '0', 0, 18, '0', '2023-07-01 13:39:05', 1, '2023-07-03 20:27:46', '2023-07-03 20:27:46'),
(12, 'For sale rice', 2, 'rice', 'Bus', 300005, 73, 'Good For health', '2', '220022', 11, 'ujjain', 310, '41RLYdZ6L4L._AC_UF1000,1000_QL80_.jpg', '2023-06-06 12:10:30', 'Active', 'Approved', 166, '0', 0, 15, '0', '2023-07-01 13:39:05', 1, '2023-07-03 20:27:46', '2023-07-03 20:27:46'),
(13, 'For sale banana', 23, 'banana', 'train', 400000, 82, 'fresh banana', '2', '220022', 8, 'kashmir', 196, '51ebZJ+DR4L._AC_UF1000,1000_QL80_.jpg', '2023-06-06 12:11:20', 'Active', 'Approved', 166, '1', 0, 4, '0', '2023-07-01 13:39:05', 1, '2023-07-03 20:27:46', '2023-07-03 20:27:46'),
(20, 'Sale for grapes', 23, 'grapes', 'Dal', 56, 86, 'fresh grapes', '2', '440035', 5, 'gujrat', 144, 'Green-grape.png', '2023-06-09 10:36:28', 'Active', 'Approved', 166, '1', 0, 20, '0', '2023-07-01 13:39:05', 1, '2023-07-03 20:27:46', '2023-07-03 20:27:46'),
(21, 'chana', 2, 'chana', 'Dal', 56, 72, 'chana with high protein', '2', '440035', 12, 'bhandara', 317, '51bPQQFs2SL.jpg', '2023-06-09 10:37:43', 'Active', 'Approved', 166, '0', 0, 235, '0', '2023-07-01 13:39:05', 1, '2023-07-03 20:27:46', '2023-07-03 20:27:46'),
(35, 'Sale mangos', 23, 'mango', '', 5555, 83, 'Fresh Condition', '1', '85202', 12, 'latur', 328, 'shutterstock_1090910984-min-1200x834.jpg', '2023-06-25 06:12:16', 'Active', 'Approved', 166, '0', 0, 54, '0', '2023-07-01 13:39:05', 1, '2023-07-03 20:27:46', '2023-07-03 20:27:46'),
(42, 'Dal Mill', 2, '', '', 200, 74, 'bdakgdkb', '1', '440001', 12, 'Mangalwari Complex', 333, '41RLYdZ6L4L._AC_UF1000,1000_QL80_.jpg', '2023-06-26 11:04:42', 'Active', 'Approved', 227, '0', 0, 52, '0', '2023-07-01 13:39:05', 0, '2023-07-03 20:27:46', '2023-07-03 20:27:46'),
(44, 'sports', 76, '', '', 2000000000, 99, 'cars ', '1', '440035', 4, 'Bharatwada Road Kalmana', 72, '05.jpg', '2023-06-27 16:53:16', 'Active', 'Approved', 300, '0', 0, 0, '0', '2023-07-01 13:39:05', 0, '2023-07-03 20:27:46', '2023-07-03 20:27:46'),
(47, 'sd', 2, '', '', 785432, 73, 'sasa', '1', '440035', 12, 'Bharatwada Road Kalmana', 333, '01-100x100.jpg', '2023-07-03 06:25:26', 'Active', 'Approved', 325, '0', 0, 25, NULL, '2023-07-03 06:25:26', 0, '2023-07-03 20:27:46', '2023-07-03 20:27:46'),
(48, 'new listing', 95, '', '', 244, 118, 'Fresh Condition', '1', '', 0, '', 0, '', '2023-07-09 04:40:19', 'Expired', 'Rejected', 62, '0', 0, 0, NULL, '2023-07-09 04:40:19', 1, '2023-07-09 04:40:19', '2023-07-25 10:28:57'),
(49, 'test2', 21, '', '', 53, 106, '32', '1', '440035', 12, 'Bharatwada Road Kalmana', 333, 'page-title.jpg', '2023-07-17 18:57:53', 'Expired', 'Rejected', 166, '0', 0, 0, NULL, '2023-07-17 18:57:53', 1, '2023-07-17 18:57:53', '2023-07-25 10:28:56'),
(50, ' vcvb', 1, '', '', 8652, 77, ' vc ', '1', '440035', 12, 'girnar bank', 333, '', '2023-07-24 19:49:50', 'Expired', 'Rejected', 166, '0', 0, 0, NULL, '2023-07-24 19:49:50', 0, '2023-07-24 19:49:50', '2023-07-25 10:28:55'),
(51, ' vcvb', 21, '', '', 852, 106, 'dffg', '1', '440035', 12, 'girnar bank', 333, '', '2023-07-24 19:52:27', 'Expired', 'Rejected', 166, '0', 0, 0, NULL, '2023-07-24 19:52:27', 0, '2023-07-24 19:52:27', '2023-07-25 10:28:54'),
(52, 'dfb', 23, '', '', 52, 82, '632', '1', '440035', 12, 'girnar bank', 333, '1652984296315.jpg', '2023-07-24 20:49:28', 'Expired', 'Rejected', 166, '0', 0, 0, NULL, '2023-07-24 20:49:28', 0, '2023-07-24 20:49:28', '2023-07-25 10:28:53'),
(53, 'Test1', 2, '', '', 84, 72, 'Desc', '1', '440035', 5, '38/A,Nasheman Society, Kalmana', 129, '2download (3).jpg', '2023-07-25 10:19:13', 'Expired', 'Rejected', 349, '0', 0, 0, NULL, '2023-07-25 10:19:13', 1, '2023-07-25 10:19:13', '2023-07-25 10:28:52'),
(54, 'Masoor daldsfsd', 2, '', '', 8764532, 74, 'Healthy an testy', '1', '440035', 12, 'Plot No- 38/A Nasheman Society Kalmana, Nagpur-440035 Maharashtra, INDIA', 333, 'download (3).jpg', '2023-07-25 10:22:01', 'Expired', 'Rejected', 349, '0', 0, 0, NULL, '2023-07-25 10:22:01', 1, '2023-07-25 10:22:01', '2023-07-25 10:28:49'),
(55, '5321', 21, '', '', 456321, 106, '45', '1', '440035', 1, '38/A,Nasheman Society, Kalmana', 9, '1download (3).jpg', '2023-07-25 10:22:48', 'Expired', 'Rejected', 349, '0', 0, 0, NULL, '2023-07-25 10:22:48', 1, '2023-07-25 10:22:48', '2023-07-26 08:17:57'),
(56, 'bvcv', 23, '', '', 523, 81, '52', '1', '440001', 1, 'Sadar, Nagpur', 16, '4png-clipart-loudspeaker-computer-icons-scalable-graphics-svg-icon-speaker-electronics-text.png', '2023-07-26 08:24:31', 'Pending', 'Pending', 62, '0', 0, 0, NULL, '2023-07-26 08:24:31', 0, '2023-07-26 08:24:31', '2023-07-26 08:24:31'),
(57, 'BAKERY', 23, '', '', 52, 83, '52', '1', '440001', 3, 'Sadar, Nagpur', 30, '3Screenshot (139).png', '2023-07-26 08:26:45', 'Pending', 'Pending', 62, '0', 0, 0, NULL, '2023-07-26 08:26:45', 0, '2023-07-26 08:26:45', '2023-07-26 08:26:45'),
(58, 'BAKERY2', 1, '', '', 5443, 78, '543', '1', '440001', 3, 'Sadar, Nagpur', 29, '5WhatsApp Image 2023-03-17 at 19.29.21.jpeg', '2023-07-26 08:30:42', 'Pending', 'Pending', 358, '0', 0, 0, NULL, '2023-07-26 08:30:42', 0, '2023-07-26 08:30:42', '2023-07-26 08:30:42');

-- --------------------------------------------------------

--
-- Table structure for table `listing_rating`
--

CREATE TABLE `listing_rating` (
  `listing_rating_id` int(200) NOT NULL,
  `listing_rating_by_user_id` int(200) NOT NULL,
  `listing_rating_on_product_id` int(200) NOT NULL,
  `listing_rating_given` varchar(500) NOT NULL
) ENGINE=InnoDB DEFAULT CHARSET=latin1;

--
-- Dumping data for table `listing_rating`
--

INSERT INTO `listing_rating` (`listing_rating_id`, `listing_rating_by_user_id`, `listing_rating_on_product_id`, `listing_rating_given`) VALUES
(1, 166, 1, '5'),
(2, 166, 3, '4'),
(3, 166, 2, '3'),
(4, 167, 1, '4'),
(5, 168, 1, '2');

-- --------------------------------------------------------

--
-- Table structure for table `message`
--

CREATE TABLE `message` (
  `message_id` int(100) NOT NULL,
  `message_subject` varchar(200) NOT NULL,
  `message_massage` varchar(200) NOT NULL,
  `message_receiver_user_id` int(100) NOT NULL,
  `message_timestamp` timestamp NOT NULL DEFAULT current_timestamp(),
  `message_sender_user_id` int(100) NOT NULL,
  `message_seen` int(10) NOT NULL DEFAULT 0,
  `message_sender_enquery_id` int(200) NOT NULL DEFAULT 0
) ENGINE=InnoDB DEFAULT CHARSET=latin1;

--
-- Dumping data for table `message`
--

INSERT INTO `message` (`message_id`, `message_subject`, `message_massage`, `message_receiver_user_id`, `message_timestamp`, `message_sender_user_id`, `message_seen`, `message_sender_enquery_id`) VALUES
(55, 'dasd', 'sad', 166, '2023-06-29 05:55:42', 0, 1, 15),
(56, 'sd', 'asd', 166, '2023-06-29 05:58:54', 0, 1, 15),
(57, 'sad', 'sad', 166, '2023-06-29 05:59:17', 0, 1, 15),
(58, 'asdasd', 'asd', 166, '2023-06-29 06:00:00', 0, 1, 16),
(59, 'asSa', 'as', 166, '2023-06-29 06:01:35', 0, 1, 16),
(60, 'asd', 'as', 166, '2023-06-29 06:48:48', 0, 1, 15),
(61, 'fsdsdsdsddddddddddddddddddddddd', 'sddf', 166, '2023-06-29 06:49:59', 0, 1, 17),
(62, 'as', 'as', 166, '2023-06-29 06:51:57', 0, 1, 18),
(63, 'sad', 'sda', 166, '2023-06-29 06:52:05', 0, 1, 18),
(64, 'sda', 'das', 166, '2023-06-29 07:15:09', 0, 1, 19),
(65, 'as', 'as', 166, '2023-06-29 07:25:13', 166, 1, 0),
(66, 'as', 'aS', 166, '2023-06-29 07:26:31', 0, 1, 20),
(67, 'ewr', 'ewr', 166, '2023-06-29 12:28:22', 0, 1, 21),
(68, 'fdsfsd', 'dsf', 166, '2023-06-29 12:28:45', 0, 1, 21),
(69, 'sd', 'dsa', 166, '2023-06-30 05:48:14', 0, 1, 22),
(70, 'dsa', 'dsa', 166, '2023-06-30 07:06:46', 166, 1, 0),
(71, 'sad', 'sdas', 166, '2023-06-30 10:19:19', 0, 1, 23),
(72, 'sad', 'sad', 166, '2023-06-30 10:19:23', 0, 1, 23),
(73, 'fas', 'dasd', 166, '2023-06-30 13:09:28', 62, 1, 0),
(74, 'das', 'sad', 227, '2023-07-01 05:43:55', 62, 0, 0),
(75, 'sad', 'sad', 227, '2023-07-01 05:46:55', 62, 0, 0),
(76, 'sad', 'sda', 227, '2023-07-01 06:09:24', 62, 0, 0),
(77, 'sad', 'sda', 227, '2023-07-01 06:09:27', 62, 0, 0),
(78, 'sad', 'sda', 227, '2023-07-01 06:09:29', 62, 0, 0),
(79, 'sad', 'sda', 227, '2023-07-01 06:09:30', 62, 0, 0),
(80, 'sad', 'sda', 227, '2023-07-01 06:09:32', 62, 0, 0),
(81, 'sad', 'sda', 227, '2023-07-01 06:09:34', 62, 0, 0),
(82, 'sad', 'sda', 227, '2023-07-01 06:09:36', 62, 0, 0),
(83, 'sad', 'sda', 227, '2023-07-01 06:09:40', 62, 0, 0),
(84, 'sad', 'sda', 227, '2023-07-01 06:09:42', 62, 0, 0),
(85, 'sad', 'sda', 227, '2023-07-01 06:09:44', 62, 0, 0),
(86, 'sad', 'sda', 227, '2023-07-01 06:09:45', 62, 0, 0),
(87, 'sad', 'sda', 227, '2023-07-01 06:10:04', 62, 0, 0),
(88, 'sad', 'sda', 227, '2023-07-01 06:10:06', 62, 0, 0),
(89, 'sad', 'sda', 227, '2023-07-01 06:10:07', 62, 0, 0),
(90, 'sad', 'sda', 227, '2023-07-01 06:10:09', 62, 0, 0),
(91, 'sad', 'sda', 227, '2023-07-01 06:10:10', 62, 0, 0),
(92, 'sad', 'sda', 227, '2023-07-01 06:10:12', 62, 0, 0),
(93, 'sad', 'sda', 227, '2023-07-01 06:10:14', 62, 0, 0),
(94, 'sad', 'sda', 227, '2023-07-01 06:10:16', 62, 0, 0),
(95, 'sad', 'sda', 227, '2023-07-01 06:10:18', 62, 0, 0),
(96, 'sad', 'sda', 227, '2023-07-01 06:10:20', 62, 0, 0),
(97, 'sad', 'sda', 227, '2023-07-01 06:10:22', 62, 0, 0),
(98, 'sad', 'sda', 227, '2023-07-01 06:10:25', 62, 0, 0),
(99, 'sad', 'sda', 227, '2023-07-01 06:10:27', 62, 0, 0),
(100, 'sad', 'sda', 227, '2023-07-01 06:10:28', 62, 0, 0),
(101, 'sad', 'sda', 227, '2023-07-01 06:10:30', 62, 0, 0),
(102, 'sad', 'sda', 227, '2023-07-01 06:10:32', 62, 0, 0),
(103, 'sad', 'sda', 227, '2023-07-01 06:10:34', 62, 0, 0),
(104, 'sad', 'sda', 227, '2023-07-01 06:10:36', 62, 0, 0),
(105, 'sad', 'sda', 227, '2023-07-01 06:10:39', 62, 0, 0),
(106, 'sadsad', 'sad', 227, '2023-07-01 11:41:13', 62, 0, 0),
(107, 'asd', 'asd', 166, '2023-07-02 16:02:37', 0, 1, 24),
(108, 'asd', 'dasasd', 166, '2023-07-02 16:06:25', 0, 1, 24),
(109, 'dsf', 'dfs', 166, '2023-07-02 19:02:33', 0, 1, 25),
(110, 'sad', 'asd', 166, '2023-07-02 19:04:05', 0, 1, 25),
(111, 'asd', 'dgfd', 166, '2023-07-02 19:31:30', 0, 1, 27),
(112, 'sda', 'sad', 166, '2023-07-02 19:33:49', 0, 1, 27),
(113, 'sad', 'sad', 166, '2023-07-02 19:40:38', 0, 1, 27),
(114, 'aas', 'a', 166, '2023-07-02 19:48:03', 0, 1, 28),
(115, 'dsf', 'ds', 227, '2023-07-02 20:12:24', 0, 0, 29),
(116, 'sada', 'dsad', 227, '2023-07-02 20:12:41', 0, 0, 29),
(117, 'sa', 'dasd', 166, '2023-07-02 20:18:52', 0, 1, 30),
(118, 'sad', 'sad', 166, '2023-07-02 20:26:19', 62, 1, 0),
(119, 'fdg', 'gfd', 166, '2023-07-02 20:34:49', 156, 1, 0),
(120, 'sda', 'sad', 166, '2023-07-03 07:39:57', 166, 1, 0),
(121, 'ssad', 'd', 166, '2023-07-03 07:40:38', 325, 1, 0),
(122, 'dsad', 'sad', 166, '2023-07-03 07:50:47', 325, 1, 0),
(123, 'hii', 'dsdas', 166, '2023-07-03 08:05:45', 325, 1, 0),
(124, 'sdsa', 'ffdsf', 166, '2023-07-03 08:13:59', 325, 1, 0),
(125, 'wq', 'qw', 166, '2023-07-03 11:44:54', 0, 1, 31),
(126, 'asd', 'sad', 166, '2023-07-03 11:55:01', 325, 1, 0),
(127, 'hii', 'my name is aman', 166, '2023-07-03 12:34:58', 325, 1, 0),
(128, 'as', 'sad', 166, '2023-07-03 17:20:16', 325, 1, 0),
(129, 'assadsad', 'sad', 166, '2023-07-03 17:53:37', 325, 1, 0),
(130, 'sad', 'ads', 166, '2023-07-03 17:58:01', 0, 1, 33),
(131, 'ds', 'sdda', 166, '2023-07-03 17:59:32', 0, 1, 34),
(132, '', 'sadsa', 166, '2023-07-03 18:02:59', 0, 1, 34),
(133, '', 'sadasd', 166, '2023-07-03 18:37:51', 325, 1, 0),
(134, '', 'sfdsad', 166, '2023-07-03 18:38:50', 0, 1, 36),
(135, '', 'sfdsadsadsa', 166, '2023-07-03 18:39:32', 0, 1, 36),
(136, '', 'sad', 166, '2023-07-03 19:17:53', 62, 1, 0),
(137, '', 'zxfasd', 166, '2023-07-03 20:25:02', 166, 1, 0),
(138, '', 'ggf', 227, '2023-07-04 11:23:45', 62, 0, 0),
(139, '', '', 166, '2023-07-19 09:18:55', 0, 0, 63),
(140, '', '', 166, '2023-07-19 09:19:59', 0, 0, 63),
(141, '', '', 166, '2023-07-19 09:20:01', 0, 0, 63),
(142, '', '', 166, '2023-07-19 09:23:46', 0, 0, 63),
(143, '', '', 166, '2023-07-19 09:29:58', 62, 0, 0),
(144, '', 'asdasd', 166, '2023-07-19 09:31:16', 62, 0, 0),
(145, '', 'test', 166, '2023-07-19 09:31:40', 62, 0, 0),
(146, '', 'testcz', 166, '2023-07-19 09:33:46', 62, 0, 0),
(147, '', 'testcz', 166, '2023-07-19 09:33:50', 62, 0, 0),
(148, '', 'sadas', 166, '2023-07-19 09:34:37', 62, 0, 0),
(149, '', 'sadas', 166, '2023-07-19 09:35:49', 62, 0, 0),
(150, '', 'fd', 166, '2023-07-19 09:36:27', 62, 0, 0),
(151, '', 'sadasd', 166, '2023-07-19 09:38:06', 0, 0, 66),
(152, '', 'fd gf ', 166, '2023-07-25 18:09:19', 62, 0, 0);

-- --------------------------------------------------------

--
-- Table structure for table `report`
--

CREATE TABLE `report` (
  `report_id` int(100) NOT NULL,
  `report_on_listing_id` int(100) NOT NULL,
  `report_by_user_id` int(100) NOT NULL,
  `report_message` varchar(200) NOT NULL,
  `report_timestamp` timestamp NOT NULL DEFAULT current_timestamp(),
  `report_other_message` varchar(200) NOT NULL,
  `report_seen` int(11) NOT NULL DEFAULT 0
) ENGINE=InnoDB DEFAULT CHARSET=latin1;

--
-- Dumping data for table `report`
--

INSERT INTO `report` (`report_id`, `report_on_listing_id`, `report_by_user_id`, `report_message`, `report_timestamp`, `report_other_message`, `report_seen`) VALUES
(1, 100, 166, 'sdsdasd', '2023-06-28 11:26:57', '0', 0),
(2, 554, 45, 'fd', '2023-06-28 12:05:13', '0', 1),
(3, 4, 166, 'wrong_category', '2023-06-28 12:14:28', '', 1),
(4, 4, 166, 'wrong_category', '2023-06-28 12:14:36', '', 1),
(5, 4, 166, 'wrong_category', '2023-06-28 12:14:42', '', 1),
(6, 4, 166, 'post_rules', '2023-06-28 12:14:53', '', 1),
(7, 4, 166, 'post_rules', '2023-06-28 12:18:21', '', 1),
(8, 4, 166, 'post_rules', '2023-06-28 12:20:53', '', 1),
(9, 42, 62, 'post_rules', '2023-07-01 05:58:19', '', 0),
(10, 42, 62, 'post_other', '2023-07-01 06:00:40', 'sadas', 0),
(11, 42, 62, 'post_other', '2023-07-01 06:50:24', 'sadas', 0),
(12, 42, 62, 'duplicate', '2023-07-01 11:41:17', '', 0),
(13, 42, 62, 'post_other', '2023-07-01 11:41:22', 'sadsadsa', 0),
(14, 21, 62, 'duplicate', '2023-07-02 20:26:47', '', 1),
(15, 21, 156, 'spam', '2023-07-02 20:35:04', '', 1),
(16, 21, 325, 'spam', '2023-07-03 07:41:23', '', 1),
(17, 21, 325, 'spam', '2023-07-03 07:44:41', '', 1),
(18, 21, 325, 'spam', '2023-07-03 07:44:52', '', 1),
(19, 21, 325, 'spam', '2023-07-03 07:46:13', '', 1),
(20, 21, 325, 'spam', '2023-07-03 07:46:52', '', 1),
(21, 21, 325, 'spam', '2023-07-03 07:47:01', '', 1),
(22, 21, 325, 'spam', '2023-07-03 07:47:12', '', 1),
(23, 21, 325, 'spam', '2023-07-03 07:47:57', '', 1),
(24, 21, 325, 'spam', '2023-07-03 07:48:41', '', 1),
(25, 21, 325, 'spam', '2023-07-03 07:49:16', '', 1),
(26, 21, 325, 'spam', '2023-07-03 07:49:52', '', 1),
(27, 21, 325, 'duplicate', '2023-07-03 07:51:23', '', 1),
(28, 21, 325, 'post_other', '2023-07-03 07:51:30', 'sddasdasdsad', 1),
(29, 21, 325, 'post_other', '2023-07-03 07:55:40', 'sddasdasdsad', 1),
(30, 21, 325, 'post_other', '2023-07-03 07:59:28', 'sddasdasdsad', 1),
(31, 21, 325, 'post_other', '2023-07-03 08:00:04', 'sddasdasdsad', 1),
(32, 21, 325, 'spam', '2023-07-03 08:00:30', '', 1),
(33, 21, 325, 'spam', '2023-07-03 08:05:17', '', 1),
(34, 21, 325, 'illegal', '2023-07-03 08:05:56', '', 1),
(35, 21, 325, 'spam', '2023-07-03 18:38:04', '', 1),
(36, 21, 62, 'wrong_category', '2023-07-03 19:19:27', '', 1);

-- --------------------------------------------------------

--
-- Table structure for table `states`
--

CREATE TABLE `states` (
  `state_id` int(11) NOT NULL,
  `country_id` int(11) NOT NULL,
  `state_name` varchar(50) COLLATE utf8_unicode_ci NOT NULL,
  `state_status` tinyint(1) NOT NULL DEFAULT 1 COMMENT '1=Active | 0=Inactive'
) ENGINE=InnoDB DEFAULT CHARSET=utf8 COLLATE=utf8_unicode_ci;

--
-- Dumping data for table `states`
--

INSERT INTO `states` (`state_id`, `country_id`, `state_name`, `state_status`) VALUES
(1, 105, 'ANDHRA PRADESH', 1),
(2, 105, 'ASSAM', 1),
(3, 105, 'ARUNACHAL PRADESH', 1),
(4, 105, 'BIHAR', 1),
(5, 105, 'GUJRAT', 1),
(6, 105, 'HARYANA', 1),
(7, 105, 'HIMACHAL PRADESH', 1),
(8, 105, 'JAMMU & KASHMIR', 1),
(9, 105, 'KARNATAKA', 1),
(10, 105, 'KERALA', 1),
(11, 105, 'MADHYA PRADESH', 1),
(12, 105, 'MAHARASHTRA', 1),
(13, 105, 'MANIPUR', 1),
(14, 105, 'MEGHALAYA', 1),
(15, 105, 'MIZORAM', 1),
(16, 105, 'NAGALAND', 1),
(17, 105, 'ORISSA', 1),
(18, 105, 'PUNJAB', 1),
(19, 105, 'RAJASTHAN', 1),
(20, 105, 'SIKKIM', 1),
(21, 105, 'TAMIL NADU', 1),
(22, 105, 'TRIPURA', 1),
(23, 105, 'UTTAR PRADESH', 1),
(24, 105, 'WEST BENGAL', 1),
(25, 105, 'DELHI', 1),
(26, 105, 'GOA', 1),
(27, 105, 'PONDICHERY', 1),
(28, 105, 'LAKSHDWEEP', 1),
(29, 105, 'DAMAN & DIU', 1),
(30, 105, 'DADRA & NAGAR', 1),
(31, 105, 'CHANDIGARH', 1),
(32, 105, 'ANDAMAN & NICOBAR', 1),
(33, 105, 'UTTARANCHAL', 1),
(34, 105, 'JHARKHAND', 1),
(35, 105, 'CHATTISGARH', 1);

-- --------------------------------------------------------

--
-- Table structure for table `sub_category`
--

CREATE TABLE `sub_category` (
  `sub_category_id` int(11) NOT NULL,
  `sub_category_category_id` int(11) NOT NULL,
  `sub_category_name` varchar(50) COLLATE utf8_unicode_ci NOT NULL,
  `sub_category_status` tinyint(1) NOT NULL DEFAULT 1 COMMENT '1=Active | 0=Inactive'
) ENGINE=InnoDB DEFAULT CHARSET=utf8 COLLATE=utf8_unicode_ci;

--
-- Dumping data for table `sub_category`
--

INSERT INTO `sub_category` (`sub_category_id`, `sub_category_category_id`, `sub_category_name`, `sub_category_status`) VALUES
(71, 2, 'gehu', 1),
(72, 2, 'chana', 1),
(73, 2, 'kanki', 1),
(74, 2, 'dal', 1),
(75, 2, 'beans', 1),
(76, 1, 'Broccoli', 1),
(77, 1, 'Carrots', 1),
(78, 1, 'Mushrooms', 1),
(79, 1, 'Asparagus', 1),
(80, 1, 'Cauliflower', 1),
(81, 23, 'apple', 1),
(82, 23, 'banana', 1),
(83, 23, 'mango', 1),
(84, 23, 'lichi', 1),
(85, 23, 'orange', 1),
(86, 23, 'grapes', 1),
(87, 39, 'sofa', 1),
(88, 39, 'chair', 1),
(89, 39, 'table', 1),
(90, 39, 'bed', 1),
(91, 71, 'vitamins', 1),
(92, 71, 'weghts', 1),
(93, 71, 'dummblles', 1),
(94, 71, 'tradmill', 1),
(95, 74, 'reporter', 1),
(96, 74, 'programer', 1),
(97, 74, 'mechanic', 1),
(98, 74, 'plumber', 1),
(99, 76, 'toys', 1),
(100, 76, 'cycle', 1),
(101, 76, 'nepkin', 1),
(106, 21, 'animal', 1),
(107, 77, 'cat', 1),
(108, 77, 'dog', 1),
(109, 77, 'parrot', 1),
(110, 77, 'pegion', 1),
(111, 77, 'Horse', 1),
(112, 86, 'car', 1),
(113, 86, 'bike', 1),
(114, 95, '', 1),
(115, 98, 'dsda sad', 1),
(116, 98, '11c11 hgj', 1),
(151, 99, 'Sports', 1),
(152, 99, 'Bike', 1),
(153, 99, 'Sports', 1),
(154, 99, 'Car', 1),
(155, 100, 'fd  sdf', 1),
(156, 100, 'df sfd g', 1),
(157, 101, 'sad', 1),
(158, 109, 'cvbfdc', 1),
(159, 110, 'fdgn h', 1),
(160, 111, '', 1),
(265, 116, 'sds d sf, df, dsf, dsf, dsf, dsf', 1),
(266, 116, 'gh ghg hgj.jhhg jg j. hj..h hgj gj hg gfh, f, gh,g', 1),
(267, 119, '', 1),
(276, 120, '', 1),
(282, 121, 'sadasds dssg gf', 1),
(283, 121, 'hgh f fd gf', 1),
(284, 121, 'fg g fhgf  fg, fg fd,g dgf', 1);

-- --------------------------------------------------------

--
-- Table structure for table `unregistered_users_entries`
--

CREATE TABLE `unregistered_users_entries` (
  `unregistered_user_id` int(255) NOT NULL,
  `unregistered_user_username` varchar(500) NOT NULL,
  `unregistered_user_password` varchar(255) CHARACTER SET utf8mb4 NOT NULL,
  `unregistered_user_email` varchar(150) NOT NULL,
  `unregistered_user_phone` varchar(500) NOT NULL,
  `unregistered_user_timestamp` timestamp NOT NULL DEFAULT current_timestamp(),
  `is_verified_email` varchar(100) NOT NULL DEFAULT '0',
  `is_verified_admin` varchar(100) NOT NULL DEFAULT 'Pending',
  `unregistered_user_type` varchar(200) NOT NULL,
  `unregistered_user_vcode` varchar(255) NOT NULL,
  `unregistered_user_otp` varchar(500) NOT NULL,
  `unregistered_user_otp_created` varchar(1000) NOT NULL,
  `unregistered_user_otp_is_expired` int(200) NOT NULL,
  `unregistered_user_first_name` varchar(500) NOT NULL,
  `unregistered_user_last_name` varchar(500) NOT NULL,
  `unregistered_user_country` varchar(300) NOT NULL,
  `unregistered_user_state` varchar(300) NOT NULL,
  `unregistered_user_city` varchar(300) NOT NULL,
  `unregistered_user_age` varchar(200) NOT NULL,
  `unregistered_user_dob` varchar(100) NOT NULL,
  `unregistered_user_address` varchar(2000) NOT NULL,
  `unregistered_user_facebook_link` varchar(200) NOT NULL,
  `unregistered_user_google_link` varchar(200) NOT NULL,
  `unregistered_user_instagram_link` varchar(200) NOT NULL,
  `unregistered_user_image` varchar(200) NOT NULL DEFAULT 'dashboard-avatar.jpg',
  `unregistered_user_about` varchar(255) NOT NULL
) ENGINE=InnoDB DEFAULT CHARSET=latin1;

--
-- Dumping data for table `unregistered_users_entries`
--

INSERT INTO `unregistered_users_entries` (`unregistered_user_id`, `unregistered_user_username`, `unregistered_user_password`, `unregistered_user_email`, `unregistered_user_phone`, `unregistered_user_timestamp`, `is_verified_email`, `is_verified_admin`, `unregistered_user_type`, `unregistered_user_vcode`, `unregistered_user_otp`, `unregistered_user_otp_created`, `unregistered_user_otp_is_expired`, `unregistered_user_first_name`, `unregistered_user_last_name`, `unregistered_user_country`, `unregistered_user_state`, `unregistered_user_city`, `unregistered_user_age`, `unregistered_user_dob`, `unregistered_user_address`, `unregistered_user_facebook_link`, `unregistered_user_google_link`, `unregistered_user_instagram_link`, `unregistered_user_image`, `unregistered_user_about`) VALUES
(62, 'admin', '$2y$10$dpaRCPTpT3mY9MPuDjn9s.PuVGkIW1R0GzmG0bwL6XBisF/dpgAeS', 'sahu98272@gmail.com', '8669989436', '2023-05-25 19:58:21', '1', '1', 'admin', 'a14bec53578f1c8b680b2dd2b5430f52', '934456', '2023-06-04 09:04:40', 0, '', '', '', '', '', '', '', '', '', '', '', 'dashboard-avatar.jpg', ''),
(127, 'test2', '', 'test2@gmail.com', '8669889499', '2023-06-01 11:14:53', '1', '0', 'user', '', '', '', 0, '', '', '', '', '', '', '', '', '', '', '', 'dashboard-avatar.jpg', ''),
(132, 'test7', '', 'test7@gmail.com', '8669886699', '2023-06-01 11:14:53', '1', '1', 'user', '', '', '', 0, '', '', '', '', '', '', '', '', '', '', '', 'dashboard-avatar.jpg', ''),
(154, 'test5vvc', '', 'test5@gmail.comvb', '8339889499', '2023-06-01 11:13:16', '1', '1', 'user', '', '', '', 0, '', '', '', '', '', '', '', '', '', '', '', 'dashboard-avatar.jpg', ''),
(156, 'test8bv', '', 'test8@gmail.comvb', '8633889477', '2023-06-01 11:13:16', '1', '1', 'user', '', '', '', 0, '', '', '', '', '', '', '', '', '', '', '', 'dashboard-avatar.jpg', ''),
(157, 'test9nv', '', 'test9@gmail.comgf', '8669888499', '2023-06-01 11:13:16', '1', '1', 'user', '', '', '', 0, '', '', '', '', '', '', '', '', '', '', '', 'dashboard-avatar.jpg', ''),
(158, 'test10ds', '', 'test10@gmail.comds', '8669889400', '2023-06-01 11:13:16', '1', '0', 'user', '', '', '', 0, '', '', '', '', '', '', '', '', '', '', '', 'dashboard-avatar.jpg', ''),
(166, 'useramansa3250', '$2y$10$86HWZSm7AzSIDWKwn0nGpe4rqiEndJM7ppSAcCQ/.nrogdmIu50R.', 'amansahu1130@gmail.com', '7368889436', '2023-06-04 12:49:01', '1', '1', 'user', '', '', '', 0, 'Aman', 'Sahu', 'India', 'Maharashtra', 'Nagpur', '21', '30/10/2000', 'Kalmana, Nagpur - 440035', 'facebook_link', 'google_link', 'instagram_link', '100.jpg', ''),
(192, 'editor', '', 'editor@gmail.com', '', '2023-06-21 05:25:13', '0', '0', 'editor', 'ebdb03ee6c73b36ccf25e8c58b2eb2a6', '', '', 0, 'test', 'test', '', '', '', '', '', '', '', '', '', 'dashboard-avatar.jpg', '');

-- --------------------------------------------------------

--
-- Table structure for table `users_entries`
--

CREATE TABLE `users_entries` (
  `user_id` int(255) NOT NULL,
  `user_username` varchar(500) NOT NULL,
  `user_password` varchar(255) CHARACTER SET utf8mb4 NOT NULL,
  `user_email` varchar(150) NOT NULL,
  `user_phone` varchar(500) NOT NULL,
  `user_timestamp` timestamp NOT NULL DEFAULT current_timestamp(),
  `is_verified_email` varchar(100) NOT NULL DEFAULT '0',
  `is_verified_admin` varchar(100) NOT NULL DEFAULT 'Pending',
  `user_type` varchar(200) NOT NULL,
  `user_vcode` varchar(255) NOT NULL,
  `user_otp` varchar(500) NOT NULL,
  `user_otp_created` varchar(1000) NOT NULL,
  `user_otp_is_expired` int(200) NOT NULL,
  `user_first_name` varchar(500) NOT NULL,
  `user_last_name` varchar(500) NOT NULL,
  `user_country_id` varchar(300) NOT NULL,
  `user_state_id` varchar(300) NOT NULL,
  `user_city_id` varchar(300) NOT NULL,
  `user_age` varchar(200) NOT NULL,
  `user_dob` varchar(100) NOT NULL,
  `user_address` varchar(2000) NOT NULL,
  `user_facebook_link` varchar(200) NOT NULL,
  `user_google_link` varchar(200) NOT NULL,
  `user_instagram_link` varchar(200) NOT NULL,
  `user_image` varchar(200) NOT NULL DEFAULT 'dashboard-avatar.jpg',
  `user_about` varchar(255) NOT NULL,
  `user_created_by` varchar(100) NOT NULL DEFAULT 'self',
  `is_verified_phone` int(50) NOT NULL DEFAULT 0,
  `user_view_count` int(200) NOT NULL DEFAULT 0,
  `user_last_timestamp` timestamp NOT NULL DEFAULT current_timestamp() ON UPDATE current_timestamp(),
  `user_email_verified_timestamp` timestamp NOT NULL DEFAULT current_timestamp(),
  `user_admin_verified_timestamp` timestamp NOT NULL DEFAULT current_timestamp(),
  `user_request_for_seller` int(5) NOT NULL DEFAULT 0,
  `user_ip_address` varchar(255) NOT NULL
) ENGINE=InnoDB DEFAULT CHARSET=latin1;

--
-- Dumping data for table `users_entries`
--

INSERT INTO `users_entries` (`user_id`, `user_username`, `user_password`, `user_email`, `user_phone`, `user_timestamp`, `is_verified_email`, `is_verified_admin`, `user_type`, `user_vcode`, `user_otp`, `user_otp_created`, `user_otp_is_expired`, `user_first_name`, `user_last_name`, `user_country_id`, `user_state_id`, `user_city_id`, `user_age`, `user_dob`, `user_address`, `user_facebook_link`, `user_google_link`, `user_instagram_link`, `user_image`, `user_about`, `user_created_by`, `is_verified_phone`, `user_view_count`, `user_last_timestamp`, `user_email_verified_timestamp`, `user_admin_verified_timestamp`, `user_request_for_seller`, `user_ip_address`) VALUES
(1, 'buyer', '$2y$10$6pSDTGypYTWTc80ozHGTuuv7/7dy9zzih0yZM0piSBOVfUnKaIXxm', 'buyer@gmail.com', '8669889435', '2023-07-03 05:55:46', '1', '1', 'user', 'e33c31ab4544423c446c22ad157d3da0', '', '', 0, 'buyer', 'buyer', '', '', '', '1', '', '', '', '', '', '05-370x250.jpg', '', 'self', 0, 0, '2023-07-26 08:16:30', '2023-07-03 05:55:46', '2023-07-26 08:16:30', 0, ''),
(62, 'admin', '$2y$10$5rAX26ZNQ8vB3TL0gm8q7OMlgK5CLyCrycR1unt.JY.13Hwt1SiI.', 'sahu98272@gmail.com', '8669989436', '2023-05-25 19:58:21', '1', '1', 'admin', 'a14bec53578f1c8b680b2dd2b5430f52', '934456', '2023-06-04 09:04:40', 0, 'admin', 'admin', '2', '1', '1', '', '', '', '', '', '', 'dashboard-avatar.jpg', '', 'self', 0, 0, '2023-07-01 13:41:13', '2023-07-02 13:29:59', '2023-07-02 13:29:59', 0, ''),
(127, 'user_manager', '', 'user_manager@gmail.com', '8669889498', '2023-06-01 11:14:53', '1', '2', 'user_manager', '', '', '', 0, 'user', 'manager', '', '', '', '', '', '', '', '', '', 'happy-client-02.jpg', '', 'self', 0, 0, '2023-07-02 13:17:15', '2023-07-02 13:29:59', '2023-07-02 13:29:59', 0, ''),
(132, 'listing_manager', '$2y$10$gNEUQH/IV.HNEac1ETwrhOM66NiZeisiLfSobuwAN1n2N3X4pJO/K', 'listing_manager@gmail.com', '8669886699', '2023-06-01 11:14:53', '1', '1', 'listing_manager', '', '', '', 0, 'Listing', 'Manager', '', '', '', '', '', '', '', '', '', 'dashboard-avatar.jpg', '', 'self', 0, 0, '2023-07-01 13:41:13', '2023-07-02 13:29:59', '2023-07-02 13:29:59', 0, ''),
(154, 'inspector', '$2y$10$KsOqCbc0TA7O7yH1OvD5XefotN1FOM8lFAo7l/5hgE5QRbK4Y87ti', 'inspector@gmail.com', '8339889499', '2023-06-01 11:13:16', '1', '1', 'inspector', '', '', '', 0, 'Inspector', 'Officer', '', '', '', '', '', '', '', '', '', 'client-avatar3.jpg', '', 'self', 0, 0, '2023-07-02 13:21:26', '2023-07-02 13:29:59', '2023-07-02 13:29:59', 0, ''),
(156, 'data_analyst', '$2y$10$DGNO/z.1FJlgQ6vsVAyz9OcGSSo5EzjeBaIov8ki52RmthH0wUqca', 'data_analyst@gmail.com', '8633889477', '2023-06-01 11:13:16', '1', '1', 'data_analyst', '', '', '', 0, 'Data', 'Analyst', '', '', '', '', '', '', '', '', '', 'user_avatar_09.jpg', '', 'self', 0, 0, '2023-07-01 13:41:13', '2023-07-02 13:29:59', '2023-07-02 13:29:59', 0, ''),
(157, 'registration_manager', '$2y$10$51ZhTJZWXWibakG1BBNxo.kIl0a3BoNCJNuhc81yBEBOoex5qYA9W', 'registration_manager@gmail.com', '8669888499', '2023-06-01 11:13:16', '1', '1', 'registration_manager', '', '', '', 0, 'registration', 'manager', '', '', '', '', '', '', '', '', '', 'dashboard-avatar.jpg', '', 'self', 0, 0, '2023-07-01 13:41:13', '2023-07-02 13:29:59', '2023-07-02 13:29:59', 0, ''),
(216, 'arsalan', '', 'mohammadarsalan917@gmail.com', '', '2023-06-26 07:01:17', '1', '2', 'user', '5e66abca6ddec288a66d5a8e613ee3f5', '', '', 0, 'Mohammad ', 'Arsalan', '', '', '', '', '', '', '', '', '', 'dashboard-avatar.jpg', '', 'self', 0, 0, '2023-07-02 13:17:15', '2023-07-02 13:29:59', '2023-07-02 13:29:59', 0, ''),
(226, 'chetan', '', 'chetanlikess@gmail.com', '', '2023-06-26 10:41:37', '1', '2', 'user', 'c4b329a6311cf6649be6c8549c2e5f03', '', '', 0, 'Chetan', 'Kumar', '', '', '', '', '', '', '', '', '', 'dashboard-avatar.jpg', '', 'self', 0, 0, '2023-07-02 13:17:15', '2023-07-02 13:29:59', '2023-07-02 13:29:59', 0, ''),
(227, 'arijitdas', '', 'wanjari.chetan26@gmail.com', '', '2023-06-26 10:50:43', '1', '2', 'user', '055ad75c99fa32fcc58329d0a1708683', '', '', 0, 'Arijit', 'Das', '', '', '', '', '', '', '', '', '', 'dashboard-avatar.jpg', '', 'self', 0, 5, '2023-07-02 15:10:22', '2023-07-02 13:29:59', '2023-07-02 13:29:59', 0, ''),
(299, 'test', '', 'sahu98272@gmail.co', '8669889437', '2023-06-27 09:41:00', '0', '0', 'seller', '42c80d7f6807e41f5977429b7d1f681f', '', '', 0, 'Aman', 'Sahu', '', '', '', '', '', '', '', '', '', 'dashboard-avatar.jpg', '', '.admin.', 0, 0, '2023-07-01 13:41:13', '2023-07-02 13:29:59', '2023-07-02 13:29:59', 0, ''),
(300, 'SAMIRSAHU', '$2y$10$sCPGkOosdARFU95kPi5lSuftRtWfFf6l2VPFCsoHEhxRvPlCFcMvq', 'SAMIRSAHU520@GMAIL.COM', '9689453443', '2023-06-27 16:39:58', '1', '1', 'user', '425232cbc59c5c7fd0847cf58f7ac64c', '', '', 0, 'SAMIR', 'SAHU', '', '', '', '23', '', 'ghar', 'nhi', 'ha', 'rhne do ', 'dashboard-avatar.jpg', '', 'self', 0, 0, '2023-07-02 20:43:16', '2023-07-02 13:29:59', '2023-07-02 20:43:16', 0, ''),
(322, 'asdasd', '', 'editor@gmail.com', '8788447944', '2023-06-30 10:36:02', '0', '0', 'user', '9780536de8b0a3134aba6ff221384e4c', '', '', 0, 'dsa', 'Sahu', '', '', '', '', '', '', '', '', '', 'dashboard-avatar.jpg', '', 'self', 0, 0, '2023-07-01 13:41:13', '2023-07-02 13:29:59', '2023-07-02 13:29:59', 0, ''),
(326, 'buyer2', '$2y$10$FI2R0ucoma7KkFoT9IpKeORm7TzX9RByTrWK5RLhP7uYoW83PQyTm', 'buyer2@gmail.com', '8669889411', '2023-07-04 05:53:00', '1', '2', 'buyer', '64d61e102b9618cc695402f1cb4f2b75', '', '', 0, 'Aman', 'Sahu', '', '', '', '', '', '', '', '', '', 'dashboard-avatar.jpg', '', 'self', 0, 0, '2023-07-04 06:53:05', '2023-07-04 05:53:00', '2023-07-04 06:53:05', 0, ''),
(327, 'buyer3', '$2y$10$i4EOiRGXFNLL863//u2ZxuCo.Cu2fI9SkRaRs8Ol5Vcp0fNFNfNWG', 'buye3@gmail.com', '8669889666', '2023-07-04 05:53:32', '1', '1', 'user', '7085bbb327c376175164755e06d173a2', '', '', 0, 'Aman', 'Sahu', '', '', '', '', '', '', '', '', '', 'dashboard-avatar.jpg', '', 'self', 0, 0, '2023-07-26 08:14:36', '2023-07-04 05:53:32', '2023-07-26 08:14:36', 0, ''),
(328, 'buyer0', '$2y$10$ULI.PZVhuh1ogHjKNAuZlO6SDy3LbpapMvAfJRpWFaZEGcm8ljuPe', 'buye0@gmail.com', '8669889664', '2023-07-04 05:53:57', '1', '1', 'user', 'db6a32553213a795a9a12a4e8c2504c9', '', '', 0, 'Aman', 'Sahu', '', '', '', '', '', '', '', '', '', 'dashboard-avatar.jpg', '', 'self', 0, 0, '2023-07-26 08:14:40', '2023-07-04 05:53:57', '2023-07-26 08:14:40', 0, ''),
(336, 'sad', '', 'editor@gmail.cosdsa', '8669889431', '2023-07-04 12:43:00', '1', '1', 'user', 'd788218f08d463c954e7de872cbc0bbf', '', '', 0, 'Aman', 'Sahu', '', '', '', '', '', 'Bharatwada Road Kalmana\r\nNear platinum shop', '', '', '', '1data problem.jpg', '', '.admin.', 0, 0, '2023-07-26 08:16:33', '2023-07-04 12:43:00', '2023-07-26 08:16:33', 0, ''),
(340, 'a', '', 'sahu98272@gmail.comsa', '8669889436', '2023-07-22 19:00:46', '0', '0', 'buyer', '28c231cd983db60e657d3cf35936ecfc', '', '', 0, 'Aman', 'Sahu', '', '', '', '', '', '', '', '', '', 'dashboard-avatar.jpg', '', '.admin.', 0, 0, '2023-07-22 19:00:46', '2023-07-22 19:00:46', '2023-07-22 19:00:46', 0, ''),
(341, 'saurabhh', '', 'am0nsahu1130@gmail.com', '8688889431', '2023-07-22 19:09:44', '0', '0', 'buyer', 'c09bc776deb4101ef1d3e4b839492ef7', '', '', 0, 'Aman', 'Sahu', '', '', '', '', '', '', '', '', '', 'dashboard-avatar.jpg', '', 'admin', 0, 0, '2023-07-22 19:09:44', '2023-07-22 19:09:44', '2023-07-22 19:09:44', 0, ''),
(364, 'aman', '$2y$10$.YqjxjHFMFsN33U60r6i4ugrJ0VyeyLKmHhkihTgGbnyn8onAwfVe', 'amansahu1130@gmail.com', '8669889466', '2023-07-26 09:01:50', '1', '1', 'buyer', '2bfa3adc6dfaa66b5022f18799216c18', '', '', 0, 'aman', 'sahu', '', '', '', '', '', '', '', '', '', '4Screenshot (139).png', '', 'self', 0, 0, '2023-07-26 09:13:33', '2023-07-26 09:01:50', '2023-07-26 09:12:31', 0, '::1');

-- --------------------------------------------------------

--
-- Table structure for table `user_interaction`
--

CREATE TABLE `user_interaction` (
  `interaction_id` int(110) NOT NULL,
  `interaction_by_user_id` int(110) NOT NULL,
  `interaction_on_user_id` int(200) NOT NULL,
  `interaction_timestamp` timestamp NOT NULL DEFAULT current_timestamp(),
  `interaction_way` varchar(255) NOT NULL,
  `interaction_on_listing_id` int(200) NOT NULL,
  `interaction_type` varchar(255) NOT NULL,
  `interaction_seen` int(11) NOT NULL DEFAULT 0,
  `interaction_by_user_type` varchar(200) NOT NULL
) ENGINE=InnoDB DEFAULT CHARSET=latin1;

--
-- Dumping data for table `user_interaction`
--

INSERT INTO `user_interaction` (`interaction_id`, `interaction_by_user_id`, `interaction_on_user_id`, `interaction_timestamp`, `interaction_way`, `interaction_on_listing_id`, `interaction_type`, `interaction_seen`, `interaction_by_user_type`) VALUES
(19, 62, 166, '2023-06-16 08:10:58', 'facebook', 3, 'share', 1, ''),
(20, 62, 166, '2023-06-16 08:11:03', 'whatsapp', 3, 'share', 1, ''),
(21, 62, 166, '2023-06-16 08:22:00', 'facebook', 1, 'share', 1, ''),
(22, 62, 166, '2023-06-16 08:22:02', 'whatsapp', 1, 'share', 1, ''),
(23, 62, 166, '2023-06-16 08:22:33', 'facebook', 10, 'share', 1, ''),
(24, 166, 166, '2023-06-16 13:37:33', 'facebook', 1, 'share', 1, ''),
(25, 166, 166, '2023-06-16 13:37:36', 'whatsapp', 1, 'share', 1, ''),
(26, 62, 166, '2023-06-18 17:11:43', 'facebook', 3, 'share', 1, ''),
(27, 62, 166, '2023-06-18 17:14:50', 'facebook', 3, 'share', 1, ''),
(28, 62, 166, '2023-06-18 17:15:30', 'whatsapp', 3, 'share', 1, ''),
(29, 62, 166, '2023-06-19 07:23:49', 'facebook', 23, 'share', 1, ''),
(30, 166, 166, '2023-06-25 06:19:34', 'whatsapp', 4, 'share', 1, ''),
(31, 166, 166, '2023-06-25 07:28:17', 'whatsapp', 3, 'share', 1, ''),
(32, 227, 166, '2023-06-26 11:11:38', 'whatsapp', 42, 'share', 1, ''),
(33, 166, 166, '2023-06-29 06:38:35', 'facebook', 4, 'share', 1, ''),
(34, 166, 166, '2023-06-29 06:38:40', 'whatsapp', 4, 'share', 1, ''),
(35, 166, 166, '2023-06-29 07:53:15', 'google', 0, 'visit', 1, ''),
(36, 166, 166, '2023-06-29 08:21:42', 'email', 0, 'visit', 1, ''),
(37, 166, 166, '2023-06-29 08:21:46', 'email', 0, 'visit', 1, ''),
(38, 166, 166, '2023-06-29 08:21:59', 'email', 0, 'visit', 1, ''),
(39, 166, 166, '2023-06-29 08:22:01', 'email', 0, 'visit', 1, ''),
(40, 166, 166, '2023-06-29 08:22:51', 'email', 0, 'visit', 1, ''),
(41, 166, 166, '2023-06-29 08:23:00', 'email', 0, 'visit', 1, ''),
(42, 166, 166, '2023-06-29 08:23:24', 'email', 0, 'visit', 1, ''),
(43, 166, 166, '2023-06-29 08:24:32', 'email', 0, 'visit', 1, ''),
(44, 166, 166, '2023-06-29 08:25:13', 'email', 0, 'visit', 1, ''),
(45, 166, 166, '2023-06-29 08:26:11', 'email', 0, 'visit', 1, ''),
(46, 166, 166, '2023-06-29 08:26:15', 'email', 0, 'visit', 1, ''),
(47, 166, 166, '2023-06-29 08:26:20', 'email', 0, 'visit', 1, ''),
(48, 166, 166, '2023-06-29 08:26:54', 'email', 0, 'visit', 1, ''),
(49, 166, 166, '2023-06-29 08:26:56', 'email', 0, 'visit', 1, ''),
(50, 166, 166, '2023-06-29 08:26:58', 'email', 0, 'visit', 1, ''),
(51, 166, 166, '2023-06-29 08:27:00', 'email', 0, 'visit', 1, ''),
(52, 166, 166, '2023-06-29 08:27:04', 'email', 0, 'visit', 1, ''),
(53, 166, 166, '2023-06-29 08:27:16', 'email', 0, 'visit', 1, ''),
(54, 166, 166, '2023-06-29 08:28:50', 'email', 0, 'visit', 1, ''),
(55, 166, 166, '2023-06-29 08:30:08', 'email', 0, 'visit', 1, ''),
(56, 166, 166, '2023-06-29 12:30:26', 'email', 0, 'visit', 1, ''),
(57, 166, 166, '2023-06-29 12:32:49', 'email', 0, 'visit', 1, ''),
(58, 166, 166, '2023-06-29 13:03:04', 'email', 0, 'visit', 1, ''),
(59, 166, 166, '2023-06-30 05:48:23', 'facebook', 4, 'share', 1, ''),
(60, 166, 166, '2023-06-30 06:04:21', 'facebook', 4, 'share', 1, ''),
(61, 166, 166, '2023-06-30 06:05:04', 'whatsapp', 4, 'share', 1, ''),
(62, 166, 166, '2023-06-30 06:11:21', 'email', 0, 'visit', 1, ''),
(63, 166, 166, '2023-06-30 06:13:41', 'email', 0, 'visit', 1, ''),
(64, 166, 166, '2023-06-30 06:14:12', 'email', 0, 'visit', 1, ''),
(65, 166, 166, '2023-06-30 06:19:15', 'email', 0, 'visit', 1, ''),
(66, 166, 166, '2023-06-30 06:20:03', 'email', 0, 'visit', 1, ''),
(67, 166, 166, '2023-06-30 06:20:09', 'email', 0, 'visit', 1, ''),
(68, 166, 166, '2023-06-30 06:20:24', 'email', 0, 'visit', 1, ''),
(69, 166, 166, '2023-06-30 06:26:42', 'google', 0, 'visit', 1, ''),
(70, 166, 166, '2023-06-30 06:26:54', 'google', 0, 'visit', 1, ''),
(71, 166, 166, '2023-06-30 06:27:26', 'google', 0, 'visit', 1, ''),
(72, 166, 166, '2023-06-30 06:27:35', 'google', 0, 'visit', 1, ''),
(73, 166, 166, '2023-06-30 06:28:09', 'google', 0, 'visit', 1, ''),
(74, 166, 166, '2023-06-30 06:28:12', 'google', 0, 'visit', 1, ''),
(75, 166, 166, '2023-06-30 06:28:17', 'google', 0, 'visit', 1, ''),
(76, 166, 166, '2023-06-30 06:28:20', 'google', 0, 'visit', 1, ''),
(77, 166, 166, '2023-06-30 06:28:23', 'google', 0, 'visit', 1, ''),
(78, 166, 166, '2023-06-30 06:28:48', 'google', 0, 'visit', 1, ''),
(79, 166, 166, '2023-06-30 06:28:51', 'google', 0, 'visit', 1, ''),
(80, 166, 166, '2023-06-30 06:29:08', 'google', 0, 'visit', 1, ''),
(81, 166, 166, '2023-06-30 06:32:43', 'email', 0, 'visit', 1, ''),
(82, 166, 166, '2023-06-30 06:32:48', 'google', 0, 'visit', 1, ''),
(83, 166, 166, '2023-06-30 06:33:36', 'google', 0, 'visit', 1, ''),
(84, 166, 166, '2023-06-30 06:35:13', 'google', 0, 'visit', 1, ''),
(85, 166, 166, '2023-06-30 06:38:43', 'google', 0, 'visit', 1, ''),
(86, 166, 166, '2023-06-30 06:40:21', 'google', 0, 'visit', 1, ''),
(87, 166, 166, '2023-06-30 06:40:34', 'email', 0, 'visit', 1, ''),
(88, 166, 166, '2023-06-30 06:40:48', 'google', 0, 'visit', 1, ''),
(89, 166, 166, '2023-06-30 06:44:14', 'google', 0, 'visit', 1, ''),
(90, 166, 166, '2023-06-30 06:44:18', 'google', 0, 'visit', 1, ''),
(91, 166, 166, '2023-06-30 06:44:21', 'google', 0, 'visit', 1, ''),
(92, 166, 166, '2023-06-30 06:44:32', 'google', 0, 'visit', 1, ''),
(93, 166, 166, '2023-06-30 06:44:36', 'google', 0, 'visit', 1, ''),
(94, 166, 166, '2023-06-30 06:45:32', 'google', 0, 'visit', 1, ''),
(95, 166, 166, '2023-06-30 06:45:39', 'google', 0, 'visit', 1, ''),
(96, 166, 166, '2023-06-30 06:49:59', 'tel', 0, 'visit', 1, ''),
(97, 166, 166, '2023-06-30 06:50:15', 'tel', 0, 'visit', 1, ''),
(98, 166, 166, '2023-06-30 06:50:58', 'tel', 0, 'visit', 1, ''),
(99, 166, 166, '2023-06-30 06:51:03', 'facebook', 0, 'visit', 1, ''),
(100, 166, 166, '2023-06-30 06:51:11', 'google', 0, 'visit', 1, ''),
(101, 166, 166, '2023-06-30 06:51:23', 'email', 0, 'visit', 1, ''),
(102, 166, 166, '2023-06-30 06:53:11', 'tel', 0, 'visit', 1, ''),
(103, 166, 166, '2023-06-30 06:56:53', 'tel', 0, 'visit', 1, ''),
(104, 166, 166, '2023-06-30 06:57:04', 'email', 0, 'visit', 1, ''),
(105, 166, 166, '2023-06-30 06:57:24', 'tel', 0, 'visit', 1, ''),
(106, 166, 166, '2023-06-30 06:57:35', 'google', 0, 'visit', 1, ''),
(107, 166, 166, '2023-06-30 06:58:32', 'email', 0, 'visit', 1, ''),
(108, 166, 166, '2023-06-30 07:06:25', 'facebook', 4, 'share', 1, ''),
(109, 166, 166, '2023-06-30 13:09:33', 'facebook', 21, 'share', 1, ''),
(110, 166, 166, '2023-06-30 13:09:35', 'whatsapp', 21, 'share', 1, ''),
(111, 62, 62, '2023-06-30 13:09:46', 'email', 0, 'visit', 1, ''),
(112, 62, 62, '2023-06-30 13:09:48', 'google', 0, 'visit', 1, ''),
(113, 62, 62, '2023-06-30 13:09:55', 'facebook', 0, 'visit', 1, ''),
(114, 62, 62, '2023-06-30 13:10:02', 'tel', 0, 'visit', 1, ''),
(116, 227, 166, '2023-07-01 05:44:01', 'facebook', 42, 'share', 1, ''),
(117, 227, 166, '2023-07-01 05:44:29', 'whatsapp', 42, 'share', 1, ''),
(118, 227, 166, '2023-07-01 05:46:40', 'whatsapp', 42, 'share', 1, ''),
(119, 227, 166, '2023-07-01 05:46:43', 'facebook', 42, 'share', 1, ''),
(120, 62, 62, '2023-07-01 11:39:30', 'email', 0, 'visit', 1, ''),
(123, 227, 166, '2023-07-01 11:41:29', 'whatsapp', 42, 'share', 1, ''),
(124, 62, 62, '2023-07-01 13:42:11', 'email', 0, 'visit', 1, ''),
(136, 62, 166, '2023-07-01 13:53:17', 'facebook', 0, 'visit', 1, ''),
(137, 62, 166, '2023-07-01 13:53:18', 'google', 0, 'visit', 1, ''),
(138, 62, 166, '2023-07-01 13:53:25', 'facebook', 0, 'visit', 1, ''),
(139, 62, 166, '2023-07-01 13:53:35', 'email', 0, 'visit', 1, ''),
(140, 227, 166, '2023-07-02 14:52:55', 'facebook', 42, 'share', 1, ''),
(141, 227, 166, '2023-07-02 14:52:58', 'whatsapp', 42, 'share', 1, ''),
(157, 62, 166, '2023-07-02 15:59:10', 'facebook', 35, 'share', 1, ''),
(158, 62, 166, '2023-07-02 15:59:13', 'whatsapp', 35, 'share', 1, ''),
(159, 62, 166, '2023-07-02 18:41:15', 'facebook', 35, 'share', 1, ''),
(160, 0, 166, '2023-07-02 18:57:21', 'facebook', 21, 'share', 1, ''),
(161, 0, 166, '2023-07-02 18:59:05', 'facebook', 21, 'share', 1, 'stranger'),
(162, 0, 166, '2023-07-02 19:08:23', 'facebook', 21, 'share', 1, 'stranger'),
(163, 0, 166, '2023-07-02 19:08:42', 'facebook', 21, 'share', 1, 'stranger'),
(164, 0, 166, '2023-07-02 19:09:12', 'facebook', 21, 'share', 1, 'stranger'),
(165, 0, 166, '2023-07-02 19:09:46', 'facebook', 21, 'share', 1, 'stranger'),
(166, 0, 166, '2023-07-02 19:10:16', 'facebook', 21, 'share', 1, 'stranger'),
(167, 0, 166, '2023-07-02 19:11:16', 'facebook', 21, 'share', 1, 'stranger'),
(168, 0, 166, '2023-07-02 19:12:51', 'facebook', 21, 'share', 1, 'stranger'),
(169, 0, 166, '2023-07-02 19:13:07', 'whatsapp', 21, 'share', 1, 'stranger'),
(170, 0, 166, '2023-07-02 19:13:13', 'facebook', 21, 'share', 1, 'stranger'),
(171, 0, 166, '2023-07-02 19:15:19', 'facebook', 21, 'share', 1, 'stranger'),
(172, 0, 166, '2023-07-02 19:16:13', 'facebook', 21, 'share', 1, 'stranger'),
(173, 0, 166, '2023-07-02 19:18:38', 'whatsapp', 21, 'share', 1, 'stranger'),
(174, 0, 166, '2023-07-02 19:22:26', 'facebook', 21, 'share', 1, 'stranger'),
(175, 0, 166, '2023-07-02 19:23:31', 'facebook', 21, 'share', 1, 'stranger'),
(176, 0, 166, '2023-07-02 19:24:36', 'facebook', 21, 'share', 1, 'stranger'),
(177, 0, 166, '2023-07-02 19:24:48', 'facebook', 21, 'share', 1, 'stranger'),
(178, 0, 166, '2023-07-02 19:24:52', 'facebook', 21, 'share', 1, 'stranger'),
(179, 26, 166, '2023-07-02 19:25:01', 'facebook', 21, 'share', 1, 'enquery'),
(180, 26, 166, '2023-07-02 19:25:40', 'facebook', 21, 'share', 1, 'enquery'),
(181, 26, 166, '2023-07-02 19:26:52', 'facebook', 21, 'share', 1, 'enquery'),
(182, 26, 166, '2023-07-02 19:27:57', 'facebook', 21, 'share', 1, 'enquery'),
(183, 26, 166, '2023-07-02 19:28:26', 'facebook', 21, 'share', 1, 'enquery'),
(184, 26, 166, '2023-07-02 19:28:42', 'facebook', 21, 'share', 1, 'enquery'),
(185, 26, 166, '2023-07-02 19:29:05', 'facebook', 21, 'share', 1, 'enquery'),
(186, 0, 166, '2023-07-02 19:30:11', 'facebook', 21, 'share', 1, 'stranger'),
(187, 0, 166, '2023-07-02 19:30:15', 'facebook', 21, 'share', 1, 'stranger'),
(188, 0, 166, '2023-07-02 19:30:18', 'facebook', 21, 'share', 1, 'stranger'),
(189, 27, 166, '2023-07-02 19:30:29', 'facebook', 21, 'share', 1, 'enquery'),
(190, 27, 166, '2023-07-02 19:30:39', 'whatsapp', 21, 'share', 1, 'enquery'),
(191, 27, 166, '2023-07-02 19:33:51', 'facebook', 21, 'share', 1, 'enquery'),
(192, 27, 166, '2023-07-02 19:33:53', 'whatsapp', 21, 'share', 1, 'enquery'),
(193, 0, 166, '2023-07-02 20:35:18', 'facebook', 21, 'share', 1, 'enquery'),
(194, 0, 166, '2023-07-02 20:35:20', 'whatsapp', 21, 'share', 1, 'enquery'),
(195, 0, 166, '2023-07-02 20:43:46', 'facebook', 21, 'share', 1, 'enquery'),
(196, 0, 166, '2023-07-02 20:43:47', 'whatsapp', 21, 'share', 1, 'enquery'),
(197, 0, 166, '2023-07-03 07:41:27', 'facebook', 21, 'share', 1, 'enquery'),
(198, 0, 166, '2023-07-03 07:41:30', 'whatsapp', 21, 'share', 1, 'enquery'),
(199, 0, 166, '2023-07-03 07:46:26', 'facebook', 21, 'share', 1, 'enquery'),
(200, 0, 166, '2023-07-03 07:47:17', 'whatsapp', 21, 'share', 1, 'enquery'),
(201, 0, 166, '2023-07-03 07:47:20', 'facebook', 21, 'share', 1, 'enquery'),
(202, 325, 166, '2023-07-03 07:49:38', 'facebook', 21, 'share', 1, 'normal_user'),
(203, 325, 166, '2023-07-03 07:49:43', 'whatsapp', 21, 'share', 1, 'normal_user'),
(204, 325, 166, '2023-07-03 08:06:04', 'facebook', 21, 'share', 1, 'normal_user'),
(205, 325, 166, '2023-07-03 08:06:06', 'whatsapp', 21, 'share', 1, 'normal_user'),
(206, 325, 166, '2023-07-03 08:07:04', 'email', 0, 'visit', 1, ''),
(207, 325, 166, '2023-07-03 08:07:08', 'tel', 0, 'visit', 1, ''),
(208, 325, 166, '2023-07-03 08:07:37', 'email', 0, 'visit', 1, ''),
(209, 34, 166, '2023-07-03 18:04:37', 'facebook', 21, 'share', 1, 'enquery'),
(210, 34, 166, '2023-07-03 18:04:40', 'whatsapp', 21, 'share', 1, 'enquery'),
(211, 35, 166, '2023-07-03 18:16:08', 'facebook', 21, 'share', 1, 'enquery'),
(212, 325, 166, '2023-07-03 18:29:00', 'facebook', 21, 'share', 1, 'normal_user'),
(213, 325, 166, '2023-07-03 18:37:30', 'facebook', 21, 'share', 1, 'normal_user'),
(214, 325, 166, '2023-07-03 18:37:35', 'facebook', 21, 'share', 1, 'normal_user'),
(215, 325, 166, '2023-07-03 18:37:37', 'whatsapp', 21, 'share', 1, 'normal_user'),
(216, 325, 166, '2023-07-03 18:38:16', 'email', 0, 'visit', 1, ''),
(217, 325, 166, '2023-07-03 18:38:18', 'tel', 0, 'visit', 1, ''),
(218, 325, 166, '2023-07-03 18:45:33', 'facebook', 21, 'share', 1, 'normal_user'),
(219, 325, 166, '2023-07-03 18:45:35', 'whatsapp', 21, 'share', 1, 'normal_user'),
(220, 325, 166, '2023-07-03 20:36:51', 'facebook', 2, 'share', 1, 'normal_user'),
(221, 329, 166, '2023-07-04 06:37:43', 'email', 0, 'visit', 1, ''),
(222, 329, 166, '2023-07-04 06:37:47', 'email', 0, 'visit', 1, ''),
(223, 62, 227, '2023-07-04 11:36:17', 'whatsapp', 42, 'share', 0, 'normal_user'),
(224, 62, 227, '2023-07-04 11:36:22', 'facebook', 42, 'share', 0, 'normal_user'),
(225, 62, 166, '2023-07-04 12:58:47', 'facebook', 4, 'share', 1, 'normal_user'),
(226, 62, 166, '2023-07-04 13:44:50', 'facebook', 1, 'share', 1, 'normal_user'),
(227, 62, 166, '2023-07-19 07:16:14', 'tel', 0, 'visit', 0, ''),
(228, 62, 166, '2023-07-19 07:39:29', 'facebook', 3, 'share', 0, 'enquery'),
(229, 62, 166, '2023-07-19 07:39:33', 'whatsapp', 3, 'share', 0, 'enquery');

-- --------------------------------------------------------

--
-- Table structure for table `views_count`
--

CREATE TABLE `views_count` (
  `views_count_id` int(200) NOT NULL,
  `views_count_of` varchar(200) NOT NULL,
  `views_count_of_id` int(200) NOT NULL,
  `views_count_timestamp` timestamp NOT NULL DEFAULT current_timestamp(),
  `views_count_by_id` int(200) NOT NULL,
  `views_count_by` varchar(200) NOT NULL
) ENGINE=InnoDB DEFAULT CHARSET=latin1;

--
-- Dumping data for table `views_count`
--

INSERT INTO `views_count` (`views_count_id`, `views_count_of`, `views_count_of_id`, `views_count_timestamp`, `views_count_by_id`, `views_count_by`) VALUES
(3, 'listing', 4, '2023-06-29 07:08:46', 18, 'enquery'),
(4, 'listing', 4, '2023-06-29 07:09:50', 18, 'enquery'),
(5, 'listing', 4, '2023-06-29 07:09:53', 18, 'enquery'),
(6, 'listing', 4, '2023-06-29 07:10:51', 18, 'enquery'),
(7, 'listing', 4, '2023-06-29 07:10:57', 18, 'enquery'),
(8, 'listing', 4, '2023-06-29 07:11:58', 18, 'enquery'),
(9, 'listing', 4, '2023-06-29 07:12:08', 0, 'stranger'),
(10, 'listing', 1, '2023-06-29 07:12:26', 0, 'stranger'),
(11, 'listing', 2, '2023-06-29 07:13:12', 0, 'stranger'),
(12, 'listing', 2, '2023-06-29 07:14:52', 0, 'stranger'),
(13, 'listing', 2, '2023-06-29 07:14:54', 0, 'stranger'),
(14, 'listing', 2, '2023-06-29 07:15:09', 19, 'enquery'),
(15, 'listing', 4, '2023-06-29 07:15:42', 166, 'user'),
(16, 'listing', 4, '2023-06-29 07:16:17', 166, 'user'),
(17, 'listing', 4, '2023-06-29 07:16:26', 0, 'stranger'),
(18, 'listing', 0, '2023-06-29 07:22:44', 166, 'user'),
(19, 'listing', 0, '2023-06-29 07:22:48', 166, 'user'),
(20, 'listing', 0, '2023-06-29 07:22:51', 166, 'user'),
(21, 'listing', 0, '2023-06-29 07:23:01', 166, 'user'),
(22, 'listing', 0, '2023-06-29 07:23:05', 166, 'user'),
(23, 'listing', 4, '2023-06-29 07:23:19', 166, 'user'),
(24, 'listing', 4, '2023-06-29 07:23:22', 166, 'user'),
(25, 'listing', 4, '2023-06-29 07:23:24', 166, 'user'),
(26, 'listing', 4, '2023-06-29 07:24:20', 166, 'user'),
(27, 'listing', 4, '2023-06-29 07:25:00', 166, 'user'),
(28, 'listing', 4, '2023-06-29 07:25:30', 0, 'stranger'),
(29, 'listing', 12, '2023-06-29 07:25:48', 0, 'stranger'),
(30, 'listing', 12, '2023-06-29 07:26:31', 20, 'enquery'),
(31, 'listing', 20, '2023-06-29 07:27:46', 20, 'enquery'),
(32, 'listing', 20, '2023-06-29 07:29:47', 20, 'enquery'),
(33, 'listing', 0, '2023-06-29 07:29:54', 20, 'enquery'),
(34, 'listing', 4, '2023-06-29 07:30:02', 166, 'user'),
(35, 'listing', 0, '2023-06-29 07:30:04', 166, 'user'),
(36, 'ac', 166, '2023-06-29 07:30:50', 166, 'user'),
(37, 'ac', 166, '2023-06-29 07:34:24', 166, 'user'),
(38, 'ac', 166, '2023-06-29 07:34:44', 166, 'user'),
(39, 'ac', 166, '2023-06-29 07:34:47', 166, 'user'),
(40, 'ac', 166, '2023-06-29 07:34:59', 166, 'user'),
(41, 'ac', 166, '2023-06-29 07:36:51', 166, 'user'),
(42, 'ac', 166, '2023-06-29 07:42:10', 166, 'user'),
(43, 'ac', 166, '2023-06-29 07:43:02', 166, 'user'),
(44, 'ac', 166, '2023-06-29 07:43:16', 166, 'user'),
(45, 'ac', 166, '2023-06-29 07:43:22', 166, 'user'),
(46, 'ac', 166, '2023-06-29 07:43:46', 166, 'user'),
(47, 'ac', 166, '2023-06-29 07:44:07', 166, 'user'),
(48, 'ac', 166, '2023-06-29 07:44:16', 166, 'user'),
(49, 'ac', 166, '2023-06-29 07:45:56', 166, 'user'),
(50, 'ac', 166, '2023-06-29 07:46:16', 166, 'user'),
(51, 'ac', 166, '2023-06-29 07:48:37', 166, 'user'),
(52, 'ac', 166, '2023-06-29 07:50:13', 166, 'user'),
(53, 'ac', 166, '2023-06-29 07:57:17', 166, 'user'),
(54, 'ac', 166, '2023-06-29 07:58:36', 166, 'user'),
(55, 'ac', 166, '2023-06-29 07:58:54', 166, 'user'),
(56, 'ac', 166, '2023-06-29 08:00:18', 166, 'user'),
(57, 'ac', 166, '2023-06-29 08:00:24', 166, 'user'),
(58, 'ac', 166, '2023-06-29 08:03:18', 166, 'user'),
(59, 'ac', 166, '2023-06-29 08:03:21', 166, 'user'),
(60, 'ac', 166, '2023-06-29 08:03:50', 166, 'user'),
(61, 'ac', 166, '2023-06-29 08:03:57', 166, 'user'),
(62, 'ac', 166, '2023-06-29 08:04:50', 166, 'user'),
(63, 'ac', 166, '2023-06-29 08:05:51', 166, 'user'),
(64, 'ac', 166, '2023-06-29 08:07:17', 166, 'user'),
(65, 'ac', 166, '2023-06-29 08:07:28', 166, 'user'),
(66, 'ac', 166, '2023-06-29 08:09:50', 166, 'user'),
(67, 'ac', 166, '2023-06-29 08:11:09', 166, 'user'),
(68, 'ac', 166, '2023-06-29 08:12:03', 166, 'user'),
(69, 'ac', 166, '2023-06-29 08:12:38', 166, 'user'),
(70, 'ac', 166, '2023-06-29 08:13:18', 166, 'user'),
(71, 'ac', 166, '2023-06-29 08:16:26', 166, 'user'),
(72, 'ac', 166, '2023-06-29 08:17:17', 166, 'user'),
(73, 'ac', 166, '2023-06-29 08:18:23', 166, 'user'),
(74, 'ac', 166, '2023-06-29 08:19:15', 166, 'user'),
(75, 'ac', 166, '2023-06-29 08:20:09', 166, 'user'),
(76, 'ac', 166, '2023-06-29 08:20:24', 166, 'user'),
(77, 'ac', 166, '2023-06-29 08:20:52', 166, 'user'),
(78, 'ac', 166, '2023-06-29 08:21:40', 166, 'user'),
(79, 'ac', 166, '2023-06-29 08:21:42', 166, 'user'),
(80, 'ac', 166, '2023-06-29 08:21:46', 166, 'user'),
(81, 'ac', 166, '2023-06-29 08:21:59', 166, 'user'),
(82, 'ac', 166, '2023-06-29 08:22:01', 166, 'user'),
(83, 'ac', 166, '2023-06-29 08:22:51', 166, 'user'),
(84, 'ac', 166, '2023-06-29 08:23:00', 166, 'user'),
(85, 'ac', 166, '2023-06-29 08:23:19', 166, 'user'),
(86, 'ac', 166, '2023-06-29 08:23:24', 166, 'user'),
(87, 'ac', 166, '2023-06-29 08:24:31', 166, 'user'),
(88, 'ac', 166, '2023-06-29 08:25:13', 166, 'user'),
(89, 'ac', 166, '2023-06-29 08:26:11', 166, 'user'),
(90, 'ac', 166, '2023-06-29 08:26:15', 166, 'user'),
(91, 'ac', 166, '2023-06-29 08:26:20', 166, 'user'),
(92, 'ac', 166, '2023-06-29 08:26:54', 166, 'user'),
(93, 'ac', 166, '2023-06-29 08:26:56', 166, 'user'),
(94, 'ac', 166, '2023-06-29 08:26:58', 166, 'user'),
(95, 'ac', 166, '2023-06-29 08:27:00', 166, 'user'),
(96, 'ac', 166, '2023-06-29 08:27:04', 166, 'user'),
(97, 'ac', 166, '2023-06-29 08:27:11', 166, 'user'),
(98, 'ac', 166, '2023-06-29 08:27:16', 166, 'user'),
(99, 'ac', 166, '2023-06-29 08:28:50', 166, 'user'),
(100, 'ac', 166, '2023-06-29 08:30:08', 166, 'user'),
(101, 'ac', 166, '2023-06-29 08:30:16', 166, 'user'),
(102, 'ac', 166, '2023-06-29 08:30:45', 166, 'user'),
(103, 'ac', 166, '2023-06-29 08:30:49', 166, 'user'),
(104, 'listing', 4, '2023-06-29 12:25:51', 0, 'stranger'),
(105, 'listing', 4, '2023-06-29 12:27:30', 0, 'stranger'),
(106, 'listing', 4, '2023-06-29 12:27:35', 0, 'stranger'),
(107, 'listing', 4, '2023-06-29 12:27:39', 0, 'stranger'),
(108, 'listing', 4, '2023-06-29 12:28:22', 21, 'enquery'),
(109, 'ac', 166, '2023-06-29 12:28:56', 21, 'enquery'),
(110, 'listing', 4, '2023-06-29 12:29:01', 21, 'enquery'),
(111, 'ac', 166, '2023-06-29 12:29:05', 21, 'enquery'),
(112, 'listing', 4, '2023-06-29 12:29:22', 166, 'user'),
(113, 'ac', 166, '2023-06-29 12:29:37', 166, 'user'),
(114, 'ac', 166, '2023-06-29 12:30:26', 166, 'user'),
(115, 'ac', 166, '2023-06-29 12:32:49', 166, 'user'),
(116, 'ac', 166, '2023-06-29 12:33:49', 166, 'user'),
(117, 'ac', 166, '2023-06-29 12:34:32', 166, 'user'),
(118, 'ac', 166, '2023-06-29 12:35:07', 166, 'user'),
(119, 'ac', 166, '2023-06-29 12:35:12', 166, 'user'),
(120, 'ac', 166, '2023-06-29 12:39:23', 166, 'user'),
(121, 'ac', 166, '2023-06-29 12:39:48', 166, 'user'),
(122, 'ac', 166, '2023-06-29 12:40:04', 166, 'user'),
(123, 'ac', 166, '2023-06-29 12:40:29', 166, 'user'),
(124, 'ac', 166, '2023-06-29 12:41:05', 166, 'user'),
(125, 'ac', 166, '2023-06-29 12:42:32', 166, 'user'),
(126, 'ac', 166, '2023-06-29 12:42:57', 166, 'user'),
(127, 'ac', 166, '2023-06-29 12:43:53', 166, 'user'),
(128, 'ac', 166, '2023-06-29 12:44:15', 166, 'user'),
(129, 'ac', 166, '2023-06-29 12:44:22', 166, 'user'),
(130, 'ac', 166, '2023-06-29 12:44:33', 166, 'user'),
(131, 'ac', 166, '2023-06-29 12:44:44', 166, 'user'),
(132, 'ac', 166, '2023-06-29 12:44:58', 166, 'user'),
(133, 'ac', 166, '2023-06-29 12:45:11', 166, 'user'),
(134, 'ac', 166, '2023-06-29 12:46:11', 166, 'user'),
(135, 'ac', 166, '2023-06-29 12:48:51', 166, 'user'),
(136, 'ac', 166, '2023-06-29 12:51:08', 166, 'user'),
(137, 'ac', 166, '2023-06-29 12:51:59', 166, 'user'),
(138, 'ac', 166, '2023-06-29 12:54:53', 166, 'user'),
(139, 'ac', 166, '2023-06-29 12:56:05', 166, 'user'),
(140, 'ac', 166, '2023-06-29 12:57:03', 166, 'user'),
(141, 'ac', 166, '2023-06-29 12:57:10', 166, 'user'),
(142, 'ac', 166, '2023-06-29 12:59:51', 166, 'user'),
(143, 'ac', 166, '2023-06-29 13:00:47', 166, 'user'),
(144, 'ac', 166, '2023-06-29 13:44:40', 0, 'stranger'),
(145, 'listing', 4, '2023-06-30 05:48:03', 0, 'stranger'),
(146, 'listing', 4, '2023-06-30 05:48:14', 22, 'enquery'),
(147, 'listing', 4, '2023-06-30 06:04:19', 0, 'stranger'),
(148, 'listing', 4, '2023-06-30 06:06:23', 0, 'stranger'),
(149, 'listing', 4, '2023-06-30 06:06:41', 0, 'stranger'),
(150, 'listing', 4, '2023-06-30 06:06:54', 166, 'user'),
(151, 'ac', 166, '2023-06-30 06:07:00', 166, 'user'),
(152, 'ac', 166, '2023-06-30 06:09:15', 166, 'user'),
(153, 'ac', 166, '2023-06-30 06:09:56', 166, 'user'),
(154, 'ac', 166, '2023-06-30 06:10:28', 166, 'user'),
(155, 'ac', 166, '2023-06-30 06:10:36', 166, 'user'),
(156, 'ac', 166, '2023-06-30 06:10:45', 166, 'user'),
(157, 'ac', 166, '2023-06-30 06:11:17', 166, 'user'),
(158, 'ac', 166, '2023-06-30 06:13:19', 166, 'user'),
(159, 'ac', 166, '2023-06-30 06:13:39', 166, 'user'),
(160, 'ac', 166, '2023-06-30 06:16:02', 166, 'user'),
(161, 'ac', 166, '2023-06-30 06:16:59', 166, 'user'),
(162, 'ac', 166, '2023-06-30 06:18:33', 166, 'user'),
(163, 'ac', 166, '2023-06-30 06:19:12', 166, 'user'),
(164, 'ac', 166, '2023-06-30 06:20:00', 166, 'user'),
(165, 'ac', 166, '2023-06-30 06:20:22', 166, 'user'),
(166, 'ac', 166, '2023-06-30 06:20:44', 166, 'user'),
(167, 'ac', 166, '2023-06-30 06:20:50', 166, 'user'),
(168, 'ac', 166, '2023-06-30 06:21:09', 166, 'user'),
(169, 'ac', 166, '2023-06-30 06:21:42', 166, 'user'),
(170, 'ac', 166, '2023-06-30 06:22:12', 166, 'user'),
(171, 'ac', 166, '2023-06-30 06:22:54', 166, 'user'),
(172, 'ac', 166, '2023-06-30 06:22:59', 166, 'user'),
(173, 'ac', 166, '2023-06-30 06:23:36', 166, 'user'),
(174, 'ac', 166, '2023-06-30 06:23:57', 166, 'user'),
(175, 'ac', 166, '2023-06-30 06:24:20', 166, 'user'),
(176, 'ac', 166, '2023-06-30 06:25:09', 166, 'user'),
(177, 'ac', 166, '2023-06-30 06:26:06', 166, 'user'),
(178, 'ac', 166, '2023-06-30 06:26:38', 166, 'user'),
(179, 'ac', 166, '2023-06-30 06:26:51', 166, 'user'),
(180, 'ac', 166, '2023-06-30 06:26:54', 166, 'user'),
(181, 'ac', 166, '2023-06-30 06:27:23', 166, 'user'),
(182, 'ac', 166, '2023-06-30 06:27:26', 166, 'user'),
(183, 'ac', 166, '2023-06-30 06:27:35', 166, 'user'),
(184, 'ac', 166, '2023-06-30 06:28:05', 166, 'user'),
(185, 'ac', 166, '2023-06-30 06:28:05', 166, 'user'),
(186, 'ac', 166, '2023-06-30 06:28:09', 166, 'user'),
(187, 'ac', 166, '2023-06-30 06:28:13', 166, 'user'),
(188, 'ac', 166, '2023-06-30 06:28:17', 166, 'user'),
(189, 'ac', 166, '2023-06-30 06:28:20', 166, 'user'),
(190, 'ac', 166, '2023-06-30 06:28:23', 166, 'user'),
(191, 'ac', 166, '2023-06-30 06:28:48', 166, 'user'),
(192, 'ac', 166, '2023-06-30 06:28:51', 166, 'user'),
(193, 'ac', 166, '2023-06-30 06:29:04', 166, 'user'),
(194, 'ac', 166, '2023-06-30 06:29:08', 166, 'user'),
(195, 'ac', 166, '2023-06-30 06:30:04', 166, 'user'),
(196, 'ac', 166, '2023-06-30 06:30:55', 166, 'user'),
(197, 'ac', 166, '2023-06-30 06:31:10', 166, 'user'),
(198, 'ac', 166, '2023-06-30 06:31:59', 166, 'user'),
(199, 'ac', 166, '2023-06-30 06:32:09', 166, 'user'),
(200, 'ac', 166, '2023-06-30 06:32:14', 166, 'user'),
(201, 'ac', 166, '2023-06-30 06:32:40', 166, 'user'),
(202, 'ac', 166, '2023-06-30 06:32:48', 166, 'user'),
(203, 'ac', 166, '2023-06-30 06:33:31', 166, 'user'),
(204, 'ac', 166, '2023-06-30 06:33:51', 166, 'user'),
(205, 'ac', 166, '2023-06-30 06:34:39', 166, 'user'),
(206, 'ac', 166, '2023-06-30 06:35:07', 166, 'user'),
(207, 'ac', 166, '2023-06-30 06:38:40', 166, 'user'),
(208, 'ac', 166, '2023-06-30 06:38:43', 166, 'user'),
(209, 'ac', 166, '2023-06-30 06:38:49', 166, 'user'),
(210, 'listing', 4, '2023-06-30 06:40:10', 166, 'user'),
(211, 'ac', 166, '2023-06-30 06:40:12', 166, 'user'),
(212, 'listing', 4, '2023-06-30 06:40:25', 166, 'user'),
(213, 'ac', 166, '2023-06-30 06:40:30', 166, 'user'),
(214, 'ac', 166, '2023-06-30 06:40:48', 166, 'user'),
(215, 'listing', 4, '2023-06-30 06:40:49', 166, 'user'),
(216, 'ac', 166, '2023-06-30 06:41:10', 166, 'user'),
(217, 'ac', 166, '2023-06-30 06:42:50', 166, 'user'),
(218, 'ac', 166, '2023-06-30 06:43:18', 166, 'user'),
(219, 'ac', 166, '2023-06-30 06:44:09', 166, 'user'),
(220, 'ac', 166, '2023-06-30 06:44:15', 166, 'user'),
(221, 'ac', 166, '2023-06-30 06:44:18', 166, 'user'),
(222, 'ac', 166, '2023-06-30 06:44:21', 166, 'user'),
(223, 'ac', 166, '2023-06-30 06:44:32', 166, 'user'),
(224, 'ac', 166, '2023-06-30 06:44:36', 166, 'user'),
(225, 'ac', 166, '2023-06-30 06:44:48', 166, 'user'),
(226, 'ac', 166, '2023-06-30 06:45:31', 166, 'user'),
(227, 'ac', 166, '2023-06-30 06:45:37', 166, 'user'),
(228, 'ac', 166, '2023-06-30 06:45:39', 166, 'user'),
(229, 'ac', 166, '2023-06-30 06:46:14', 166, 'user'),
(230, 'ac', 166, '2023-06-30 06:47:42', 166, 'user'),
(231, 'ac', 166, '2023-06-30 06:47:57', 166, 'user'),
(232, 'ac', 166, '2023-06-30 06:48:42', 166, 'user'),
(233, 'ac', 166, '2023-06-30 06:49:23', 166, 'user'),
(234, 'ac', 166, '2023-06-30 06:49:53', 166, 'user'),
(235, 'ac', 166, '2023-06-30 06:50:13', 166, 'user'),
(236, 'ac', 166, '2023-06-30 06:50:31', 166, 'user'),
(237, 'ac', 166, '2023-06-30 06:50:56', 166, 'user'),
(238, 'ac', 166, '2023-06-30 06:51:03', 166, 'user'),
(239, 'ac', 166, '2023-06-30 06:51:08', 166, 'user'),
(240, 'ac', 166, '2023-06-30 06:51:16', 166, 'user'),
(241, 'ac', 166, '2023-06-30 06:52:24', 166, 'user'),
(242, 'ac', 166, '2023-06-30 06:53:09', 166, 'user'),
(243, 'ac', 166, '2023-06-30 06:53:42', 166, 'user'),
(244, 'ac', 166, '2023-06-30 06:54:01', 166, 'user'),
(245, 'ac', 166, '2023-06-30 06:54:27', 166, 'user'),
(246, 'ac', 166, '2023-06-30 06:56:40', 166, 'user'),
(247, 'ac', 166, '2023-06-30 06:57:35', 166, 'user'),
(248, 'ac', 166, '2023-06-30 06:57:38', 166, 'user'),
(249, 'ac', 166, '2023-06-30 06:57:39', 166, 'user'),
(250, 'ac', 166, '2023-06-30 06:58:11', 166, 'user'),
(251, 'ac', 166, '2023-06-30 06:58:25', 166, 'user'),
(252, 'ac', 166, '2023-06-30 06:58:30', 166, 'user'),
(253, 'listing', 4, '2023-06-30 06:59:20', 166, 'user'),
(254, 'listing', 4, '2023-06-30 06:59:36', 166, 'user'),
(255, 'listing', 4, '2023-06-30 07:01:35', 166, 'user'),
(256, 'listing', 4, '2023-06-30 07:01:35', 166, 'user'),
(257, 'listing', 4, '2023-06-30 07:02:01', 166, 'user'),
(258, 'listing', 4, '2023-06-30 07:02:01', 166, 'user'),
(259, 'listing', 4, '2023-06-30 07:02:35', 166, 'user'),
(260, 'listing', 4, '2023-06-30 07:02:35', 166, 'user'),
(261, 'listing', 4, '2023-06-30 07:02:47', 166, 'user'),
(262, 'listing', 4, '2023-06-30 07:02:47', 166, 'user'),
(263, 'listing', 4, '2023-06-30 07:03:05', 166, 'user'),
(264, 'listing', 4, '2023-06-30 07:03:05', 166, 'user'),
(265, 'listing', 4, '2023-06-30 07:03:22', 166, 'user'),
(266, 'listing', 4, '2023-06-30 07:03:22', 166, 'user'),
(267, 'listing', 4, '2023-06-30 07:06:03', 166, 'user'),
(268, 'listing', 4, '2023-06-30 07:06:03', 166, 'user'),
(269, 'listing', 4, '2023-06-30 07:07:31', 166, 'user'),
(270, 'listing', 4, '2023-06-30 07:09:58', 0, 'stranger'),
(271, 'listing', 4, '2023-06-30 07:10:04', 0, 'stranger'),
(272, 'listing', 4, '2023-06-30 07:10:10', 0, 'stranger'),
(273, 'listing', 4, '2023-06-30 07:10:14', 0, 'stranger'),
(274, 'listing', 4, '2023-06-30 07:10:19', 0, 'stranger'),
(275, 'listing', 4, '2023-06-30 07:10:26', 0, 'stranger'),
(276, 'listing', 4, '2023-06-30 07:10:35', 0, 'stranger'),
(277, 'listing', 4, '2023-06-30 07:10:42', 0, 'stranger'),
(278, 'listing', 4, '2023-06-30 07:10:57', 0, 'stranger'),
(279, 'listing', 4, '2023-06-30 07:11:03', 0, 'stranger'),
(280, 'listing', 4, '2023-06-30 07:11:08', 0, 'stranger'),
(281, 'listing', 4, '2023-06-30 07:11:29', 0, 'stranger'),
(282, 'listing', 4, '2023-06-30 07:13:32', 0, 'stranger'),
(283, 'listing', 4, '2023-06-30 07:13:41', 0, 'stranger'),
(284, 'listing', 4, '2023-06-30 07:14:19', 0, 'stranger'),
(285, 'listing', 4, '2023-06-30 07:15:18', 0, 'stranger'),
(286, 'listing', 4, '2023-06-30 07:16:24', 0, 'stranger'),
(287, 'listing', 4, '2023-06-30 07:17:01', 0, 'stranger'),
(288, 'listing', 4, '2023-06-30 07:19:20', 0, 'stranger'),
(289, 'listing', 4, '2023-06-30 07:19:36', 0, 'stranger'),
(290, 'listing', 4, '2023-06-30 07:20:30', 0, 'stranger'),
(291, 'listing', 4, '2023-06-30 07:21:02', 0, 'stranger'),
(292, 'listing', 4, '2023-06-30 07:22:18', 0, 'stranger'),
(293, 'listing', 4, '2023-06-30 07:22:28', 0, 'stranger'),
(294, 'listing', 4, '2023-06-30 07:22:32', 0, 'stranger'),
(295, 'listing', 4, '2023-06-30 07:22:40', 0, 'stranger'),
(296, 'listing', 4, '2023-06-30 07:24:10', 0, 'stranger'),
(297, 'listing', 4, '2023-06-30 07:24:23', 0, 'stranger'),
(298, 'listing', 4, '2023-06-30 07:24:44', 0, 'stranger'),
(299, 'listing', 4, '2023-06-30 07:27:22', 0, 'stranger'),
(300, 'listing', 4, '2023-06-30 07:27:34', 0, 'stranger'),
(301, 'listing', 4, '2023-06-30 07:28:59', 0, 'stranger'),
(302, 'listing', 4, '2023-06-30 07:29:19', 0, 'stranger'),
(303, 'listing', 4, '2023-06-30 07:29:24', 0, 'stranger'),
(304, 'listing', 4, '2023-06-30 07:31:12', 0, 'stranger'),
(305, 'listing', 4, '2023-06-30 07:31:44', 0, 'stranger'),
(306, 'listing', 4, '2023-06-30 07:31:59', 0, 'stranger'),
(307, 'listing', 4, '2023-06-30 07:33:58', 0, 'stranger'),
(308, 'listing', 4, '2023-06-30 07:34:45', 0, 'stranger'),
(309, 'listing', 4, '2023-06-30 07:35:43', 0, 'stranger'),
(310, 'listing', 4, '2023-06-30 07:36:17', 0, 'stranger'),
(311, 'listing', 4, '2023-06-30 07:37:15', 0, 'stranger'),
(312, 'listing', 4, '2023-06-30 07:37:26', 0, 'stranger'),
(313, 'listing', 4, '2023-06-30 07:40:10', 0, 'stranger'),
(314, 'listing', 4, '2023-06-30 07:40:20', 0, 'stranger'),
(315, 'listing', 4, '2023-06-30 07:40:33', 0, 'stranger'),
(316, 'listing', 4, '2023-06-30 07:42:38', 0, 'stranger'),
(317, 'listing', 4, '2023-06-30 07:43:03', 0, 'stranger'),
(318, 'listing', 4, '2023-06-30 07:46:36', 0, 'stranger'),
(319, 'listing', 4, '2023-06-30 07:48:12', 0, 'stranger'),
(320, 'listing', 4, '2023-06-30 07:51:49', 0, 'stranger'),
(321, 'listing', 4, '2023-06-30 07:52:08', 0, 'stranger'),
(322, 'listing', 4, '2023-06-30 07:52:46', 0, 'stranger'),
(323, 'listing', 4, '2023-06-30 07:54:34', 0, 'stranger'),
(324, 'listing', 4, '2023-06-30 07:54:43', 0, 'stranger'),
(325, 'listing', 4, '2023-06-30 07:55:02', 0, 'stranger'),
(326, 'listing', 4, '2023-06-30 07:56:03', 0, 'stranger'),
(327, 'listing', 4, '2023-06-30 07:56:31', 0, 'stranger'),
(328, 'listing', 4, '2023-06-30 07:57:25', 0, 'stranger'),
(329, 'listing', 4, '2023-06-30 07:58:28', 0, 'stranger'),
(330, 'listing', 4, '2023-06-30 07:58:35', 0, 'stranger'),
(331, 'listing', 4, '2023-06-30 07:58:47', 0, 'stranger'),
(332, 'listing', 4, '2023-06-30 08:00:08', 0, 'stranger'),
(333, 'listing', 4, '2023-06-30 08:00:53', 0, 'stranger'),
(334, 'listing', 4, '2023-06-30 08:01:07', 0, 'stranger'),
(335, 'listing', 4, '2023-06-30 08:01:18', 0, 'stranger'),
(336, 'listing', 4, '2023-06-30 08:01:37', 0, 'stranger'),
(337, 'listing', 4, '2023-06-30 08:01:50', 0, 'stranger'),
(338, 'listing', 4, '2023-06-30 08:02:37', 0, 'stranger'),
(339, 'listing', 4, '2023-06-30 08:03:58', 0, 'stranger'),
(340, 'listing', 4, '2023-06-30 08:04:05', 0, 'stranger'),
(341, 'listing', 4, '2023-06-30 08:05:11', 0, 'stranger'),
(342, 'listing', 4, '2023-06-30 08:05:55', 0, 'stranger'),
(343, 'listing', 4, '2023-06-30 08:07:50', 0, 'stranger'),
(344, 'listing', 4, '2023-06-30 08:08:41', 0, 'stranger'),
(345, 'listing', 4, '2023-06-30 08:10:53', 0, 'stranger'),
(346, 'listing', 4, '2023-06-30 08:15:05', 0, 'stranger'),
(347, 'listing', 4, '2023-06-30 08:17:17', 0, 'stranger'),
(348, 'listing', 4, '2023-06-30 08:19:19', 0, 'stranger'),
(349, 'listing', 4, '2023-06-30 08:20:05', 0, 'stranger'),
(350, 'listing', 4, '2023-06-30 08:20:20', 0, 'stranger'),
(351, 'listing', 4, '2023-06-30 08:25:12', 0, 'stranger'),
(352, 'listing', 4, '2023-06-30 08:25:18', 0, 'stranger'),
(353, 'listing', 4, '2023-06-30 08:26:02', 0, 'stranger'),
(354, 'listing', 4, '2023-06-30 08:27:46', 0, 'stranger'),
(355, 'listing', 4, '2023-06-30 08:28:25', 0, 'stranger'),
(356, 'listing', 4, '2023-06-30 08:28:51', 0, 'stranger'),
(357, 'listing', 4, '2023-06-30 08:29:50', 0, 'stranger'),
(358, 'listing', 4, '2023-06-30 08:30:00', 0, 'stranger'),
(359, 'listing', 4, '2023-06-30 08:30:48', 0, 'stranger'),
(360, 'listing', 4, '2023-06-30 08:33:50', 0, 'stranger'),
(361, 'listing', 4, '2023-06-30 08:36:06', 0, 'stranger'),
(362, 'listing', 4, '2023-06-30 08:37:13', 0, 'stranger'),
(363, 'listing', 4, '2023-06-30 08:39:04', 0, 'stranger'),
(364, 'listing', 4, '2023-06-30 08:42:05', 0, 'stranger'),
(365, 'listing', 4, '2023-06-30 08:43:22', 0, 'stranger'),
(366, 'listing', 4, '2023-06-30 08:44:00', 0, 'stranger'),
(367, 'listing', 4, '2023-06-30 08:44:35', 0, 'stranger'),
(368, 'listing', 4, '2023-06-30 08:44:53', 0, 'stranger'),
(369, 'listing', 4, '2023-06-30 08:45:32', 0, 'stranger'),
(370, 'listing', 4, '2023-06-30 08:45:56', 0, 'stranger'),
(371, 'listing', 4, '2023-06-30 08:46:05', 0, 'stranger'),
(372, 'listing', 4, '2023-06-30 08:46:23', 0, 'stranger'),
(373, 'listing', 4, '2023-06-30 08:47:26', 0, 'stranger'),
(374, 'listing', 4, '2023-06-30 08:47:38', 0, 'stranger'),
(375, 'listing', 4, '2023-06-30 08:47:55', 0, 'stranger'),
(376, 'listing', 4, '2023-06-30 08:48:27', 0, 'stranger'),
(377, 'listing', 4, '2023-06-30 08:48:57', 0, 'stranger'),
(378, 'listing', 4, '2023-06-30 08:49:11', 0, 'stranger'),
(379, 'listing', 4, '2023-06-30 08:49:56', 0, 'stranger'),
(380, 'listing', 4, '2023-06-30 08:52:19', 0, 'stranger'),
(381, 'listing', 4, '2023-06-30 08:52:49', 0, 'stranger'),
(382, 'listing', 4, '2023-06-30 08:52:52', 0, 'stranger'),
(383, 'listing', 4, '2023-06-30 08:54:25', 0, 'stranger'),
(384, 'listing', 4, '2023-06-30 08:54:33', 0, 'stranger'),
(385, 'listing', 4, '2023-06-30 08:55:26', 0, 'stranger'),
(386, 'listing', 4, '2023-06-30 08:55:47', 0, 'stranger'),
(387, 'listing', 4, '2023-06-30 08:56:47', 0, 'stranger'),
(388, 'listing', 4, '2023-06-30 09:27:07', 0, 'stranger'),
(389, 'listing', 4, '2023-06-30 09:28:03', 0, 'stranger'),
(390, 'listing', 4, '2023-06-30 09:29:16', 0, 'stranger'),
(391, 'listing', 4, '2023-06-30 09:30:00', 0, 'stranger'),
(392, 'listing', 4, '2023-06-30 09:31:03', 0, 'stranger'),
(393, 'listing', 4, '2023-06-30 09:31:14', 0, 'stranger'),
(394, 'listing', 4, '2023-06-30 09:31:46', 0, 'stranger'),
(395, 'listing', 4, '2023-06-30 09:32:31', 0, 'stranger'),
(396, 'listing', 4, '2023-06-30 09:33:20', 0, 'stranger'),
(397, 'listing', 4, '2023-06-30 09:33:58', 0, 'stranger'),
(398, 'listing', 4, '2023-06-30 09:34:01', 0, 'stranger'),
(399, 'listing', 4, '2023-06-30 09:34:43', 0, 'stranger'),
(400, 'listing', 4, '2023-06-30 09:35:48', 0, 'stranger'),
(401, 'listing', 4, '2023-06-30 09:36:16', 0, 'stranger'),
(402, 'listing', 4, '2023-06-30 09:37:06', 0, 'stranger'),
(403, 'listing', 4, '2023-06-30 09:37:32', 0, 'stranger'),
(404, 'listing', 4, '2023-06-30 09:38:08', 0, 'stranger'),
(405, 'listing', 4, '2023-06-30 09:38:36', 0, 'stranger'),
(406, 'listing', 4, '2023-06-30 09:39:06', 0, 'stranger'),
(407, 'listing', 4, '2023-06-30 09:39:14', 0, 'stranger'),
(408, 'listing', 4, '2023-06-30 09:40:02', 0, 'stranger'),
(409, 'listing', 4, '2023-06-30 09:44:28', 0, 'stranger'),
(410, 'listing', 4, '2023-06-30 09:56:33', 0, 'stranger'),
(411, 'listing', 4, '2023-06-30 09:57:13', 0, 'stranger'),
(412, 'listing', 4, '2023-06-30 09:58:31', 0, 'stranger'),
(413, 'listing', 4, '2023-06-30 09:59:37', 0, 'stranger'),
(414, 'listing', 4, '2023-06-30 10:00:13', 0, 'stranger'),
(415, 'listing', 4, '2023-06-30 10:00:22', 0, 'stranger'),
(416, 'listing', 4, '2023-06-30 10:01:04', 0, 'stranger'),
(417, 'listing', 4, '2023-06-30 10:01:20', 0, 'stranger'),
(418, 'listing', 4, '2023-06-30 10:01:56', 0, 'stranger'),
(419, 'listing', 4, '2023-06-30 10:02:08', 0, 'stranger'),
(420, 'listing', 4, '2023-06-30 10:10:22', 0, 'stranger'),
(421, 'ac', 166, '2023-06-30 10:10:36', 0, 'stranger'),
(422, 'listing', 4, '2023-06-30 10:10:38', 0, 'stranger'),
(423, 'listing', 4, '2023-06-30 10:11:41', 0, 'stranger'),
(424, 'listing', 4, '2023-06-30 10:14:05', 0, 'stranger'),
(425, 'listing', 4, '2023-06-30 10:18:05', 0, 'stranger'),
(426, 'listing', 4, '2023-06-30 10:18:36', 0, 'stranger'),
(427, 'listing', 4, '2023-06-30 10:18:59', 0, 'stranger'),
(428, 'listing', 4, '2023-06-30 10:19:02', 0, 'stranger'),
(429, 'listing', 4, '2023-06-30 10:19:19', 23, 'enquery'),
(430, 'listing', 4, '2023-06-30 10:20:20', 23, 'enquery'),
(431, 'listing', 4, '2023-06-30 10:20:28', 23, 'enquery'),
(432, 'listing', 4, '2023-06-30 10:29:47', 23, 'enquery'),
(433, 'listing', 4, '2023-06-30 10:30:31', 23, 'enquery'),
(434, 'listing', 4, '2023-06-30 10:30:59', 23, 'enquery'),
(435, 'listing', 4, '2023-06-30 10:32:45', 23, 'enquery'),
(436, 'listing', 4, '2023-06-30 10:35:04', 23, 'enquery'),
(437, 'listing', 4, '2023-06-30 10:35:44', 23, 'enquery'),
(438, 'listing', 4, '2023-06-30 10:36:59', 166, 'user'),
(439, 'listing', 4, '2023-06-30 10:37:08', 0, 'stranger'),
(440, 'listing', 4, '2023-06-30 10:37:16', 166, 'user'),
(441, 'listing', 4, '2023-06-30 10:37:22', 0, 'stranger'),
(442, 'listing', 4, '2023-06-30 10:37:39', 0, 'stranger'),
(443, 'listing', 4, '2023-06-30 10:38:01', 0, 'stranger'),
(444, 'listing', 4, '2023-06-30 10:40:25', 0, 'stranger'),
(445, 'listing', 4, '2023-06-30 10:41:35', 0, 'stranger'),
(446, 'listing', 4, '2023-06-30 10:42:13', 0, 'stranger'),
(447, 'listing', 4, '2023-06-30 10:43:52', 0, 'stranger'),
(448, 'listing', 4, '2023-06-30 10:44:40', 0, 'stranger'),
(449, 'ac', 166, '2023-06-30 10:45:30', 0, 'stranger'),
(450, 'listing', 4, '2023-06-30 10:45:33', 0, 'stranger'),
(451, 'listing', 4, '2023-06-30 10:47:01', 0, 'stranger'),
(452, 'listing', 4, '2023-06-30 10:49:18', 0, 'stranger'),
(453, 'listing', 4, '2023-06-30 10:49:22', 0, 'stranger'),
(454, 'listing', 4, '2023-06-30 10:50:01', 0, 'stranger'),
(455, 'ac', 166, '2023-06-30 10:50:16', 0, 'stranger'),
(456, 'listing', 4, '2023-06-30 10:50:19', 0, 'stranger'),
(457, 'listing', 4, '2023-06-30 10:50:43', 0, 'stranger'),
(458, 'ac', 166, '2023-06-30 10:50:53', 0, 'stranger'),
(459, 'listing', 4, '2023-06-30 10:50:55', 0, 'stranger'),
(460, 'ac', 166, '2023-06-30 10:51:30', 0, 'stranger'),
(461, 'listing', 4, '2023-06-30 10:51:32', 0, 'stranger'),
(462, 'ac', 166, '2023-06-30 10:51:35', 0, 'stranger'),
(463, 'listing', 4, '2023-06-30 10:51:37', 0, 'stranger'),
(464, 'listing', 4, '2023-06-30 10:51:47', 0, 'stranger'),
(465, 'listing', 4, '2023-06-30 13:09:10', 62, 'user'),
(466, 'listing', 21, '2023-06-30 13:09:15', 62, 'user'),
(467, 'ac', 166, '2023-06-30 13:09:42', 62, 'user'),
(468, 'ac', 166, '2023-06-30 13:09:48', 62, 'user'),
(469, 'listing', 21, '2023-06-30 13:09:51', 62, 'user'),
(470, 'ac', 166, '2023-06-30 13:09:53', 62, 'user'),
(471, 'ac', 166, '2023-06-30 13:09:55', 62, 'user'),
(472, 'listing', 21, '2023-06-30 13:09:58', 62, 'user'),
(473, 'ac', 166, '2023-06-30 13:10:01', 62, 'user'),
(474, 'listing', 21, '2023-07-01 05:43:45', 62, 'user'),
(475, 'listing', 21, '2023-07-01 05:43:45', 62, 'user'),
(476, 'listing', 42, '2023-07-01 05:43:51', 62, 'user'),
(477, 'ac', 227, '2023-07-01 05:44:44', 62, 'user'),
(478, 'listing', 42, '2023-07-01 05:44:59', 62, 'user'),
(479, 'listing', 42, '2023-07-01 05:45:03', 62, 'user'),
(480, 'ac', 227, '2023-07-01 05:46:58', 62, 'user'),
(481, 'listing', 42, '2023-07-01 05:58:16', 62, 'user'),
(482, 'listing', 42, '2023-07-01 05:58:19', 62, 'user'),
(483, 'listing', 42, '2023-07-01 06:00:40', 62, 'user'),
(484, 'listing', 42, '2023-07-01 06:50:24', 62, 'user'),
(485, 'listing', 42, '2023-07-01 11:39:13', 62, 'user'),
(486, 'ac', 227, '2023-07-01 11:39:28', 62, 'user'),
(487, 'listing', 42, '2023-07-01 11:39:39', 62, 'user'),
(488, 'ac', 227, '2023-07-01 11:41:04', 62, 'user'),
(489, 'listing', 42, '2023-07-01 11:41:07', 62, 'user'),
(490, 'listing', 42, '2023-07-01 11:41:17', 62, 'user'),
(491, 'listing', 42, '2023-07-01 11:41:22', 62, 'user'),
(492, 'listing', 12, '2023-07-01 13:42:08', 62, 'user'),
(493, 'listing', 12, '2023-07-01 13:42:08', 62, 'user'),
(494, 'ac', 166, '2023-07-01 13:42:10', 62, 'user'),
(495, 'ac', 166, '2023-07-01 13:42:14', 62, 'user'),
(496, 'listing', 12, '2023-07-01 13:42:17', 62, 'user'),
(497, 'ac', 166, '2023-07-01 13:42:19', 62, 'user'),
(498, 'ac', 166, '2023-07-01 13:42:20', 62, 'user'),
(499, 'listing', 12, '2023-07-01 13:42:22', 62, 'user'),
(500, 'ac', 166, '2023-07-01 13:42:23', 62, 'user'),
(501, 'listing', 12, '2023-07-01 13:45:38', 62, 'user'),
(502, 'ac', 166, '2023-07-01 13:45:44', 62, 'user'),
(503, 'ac', 166, '2023-07-01 13:45:45', 62, 'user'),
(504, 'listing', 12, '2023-07-01 13:45:49', 62, 'user'),
(505, 'ac', 166, '2023-07-01 13:45:54', 62, 'user'),
(506, 'ac', 166, '2023-07-01 13:45:57', 62, 'user'),
(507, 'listing', 12, '2023-07-01 13:45:59', 62, 'user'),
(508, 'listing', 12, '2023-07-01 13:46:23', 62, 'user'),
(509, 'listing', 12, '2023-07-01 13:46:23', 62, 'user'),
(510, 'ac', 166, '2023-07-01 13:47:08', 62, 'user'),
(511, 'ac', 166, '2023-07-01 13:51:45', 62, 'user'),
(512, 'ac', 166, '2023-07-01 13:51:50', 62, 'user'),
(513, 'listing', 12, '2023-07-01 13:51:57', 62, 'user'),
(514, 'ac', 166, '2023-07-01 13:52:04', 62, 'user'),
(515, 'ac', 166, '2023-07-01 13:52:06', 62, 'user'),
(516, 'listing', 12, '2023-07-01 13:52:09', 62, 'user'),
(517, 'ac', 166, '2023-07-01 13:52:10', 62, 'user'),
(518, 'ac', 166, '2023-07-01 13:53:15', 62, 'user'),
(519, 'ac', 166, '2023-07-01 13:53:17', 62, 'user'),
(520, 'ac', 166, '2023-07-01 13:53:18', 62, 'user'),
(521, 'listing', 12, '2023-07-01 13:53:21', 62, 'user'),
(522, 'ac', 166, '2023-07-01 13:53:23', 62, 'user'),
(523, 'ac', 166, '2023-07-01 13:53:25', 62, 'user'),
(524, 'listing', 12, '2023-07-01 13:53:30', 62, 'user'),
(525, 'ac', 166, '2023-07-01 13:53:34', 62, 'user'),
(526, 'ac', 166, '2023-07-02 12:44:15', 0, 'stranger'),
(527, 'listing', 42, '2023-07-02 14:52:45', 166, 'user'),
(528, 'listing', 42, '2023-07-02 14:55:26', 166, 'user'),
(529, 'listing', 35, '2023-07-02 15:09:54', 62, 'user'),
(530, 'listing', 35, '2023-07-02 15:09:54', 62, 'user'),
(531, 'listing', 42, '2023-07-02 15:10:08', 62, 'user'),
(532, 'ac', 227, '2023-07-02 15:10:22', 62, 'user'),
(533, 'listing', 35, '2023-07-02 15:16:06', 62, 'user'),
(534, 'listing', 35, '2023-07-02 15:17:06', 62, 'user'),
(535, 'listing', 35, '2023-07-02 15:23:17', 62, 'user'),
(536, 'listing', 35, '2023-07-02 15:24:33', 62, 'user'),
(537, 'listing', 35, '2023-07-02 15:24:44', 62, 'user'),
(538, 'listing', 35, '2023-07-02 15:26:07', 62, 'user'),
(539, 'listing', 35, '2023-07-02 15:29:08', 62, 'user'),
(540, 'listing', 35, '2023-07-02 15:34:54', 62, 'user'),
(541, 'listing', 35, '2023-07-02 15:38:53', 62, 'user'),
(542, 'listing', 35, '2023-07-02 15:39:47', 62, 'user'),
(543, 'listing', 35, '2023-07-02 15:42:07', 62, 'user'),
(544, 'listing', 35, '2023-07-02 15:42:37', 62, 'user'),
(545, 'listing', 35, '2023-07-02 15:42:56', 62, 'user'),
(546, 'listing', 35, '2023-07-02 15:45:44', 62, 'user'),
(547, 'listing', 35, '2023-07-02 15:48:45', 62, 'user'),
(548, 'listing', 35, '2023-07-02 15:51:12', 62, 'user'),
(549, 'listing', 35, '2023-07-02 15:52:31', 62, 'user'),
(550, 'listing', 35, '2023-07-02 15:52:40', 62, 'user'),
(551, 'listing', 35, '2023-07-02 15:54:42', 62, 'user'),
(552, 'listing', 35, '2023-07-02 15:56:55', 62, 'user'),
(553, 'listing', 35, '2023-07-02 15:57:25', 62, 'user'),
(554, 'listing', 35, '2023-07-02 15:57:28', 62, 'user'),
(555, 'listing', 35, '2023-07-02 15:58:48', 62, 'user'),
(556, 'listing', 35, '2023-07-02 15:59:06', 62, 'user'),
(557, 'listing', 35, '2023-07-02 16:00:44', 62, 'user'),
(558, 'listing', 35, '2023-07-02 16:01:16', 62, 'user'),
(559, 'listing', 35, '2023-07-02 16:01:33', 0, 'stranger'),
(560, 'listing', 35, '2023-07-02 16:02:37', 24, 'enquery'),
(561, 'listing', 35, '2023-07-02 16:04:01', 62, 'user'),
(562, 'listing', 35, '2023-07-02 16:05:31', 62, 'user'),
(563, 'listing', 35, '2023-07-02 16:13:54', 62, 'user'),
(564, 'listing', 35, '2023-07-02 18:35:27', 62, 'user'),
(565, 'listing', 35, '2023-07-02 18:37:30', 62, 'user'),
(566, 'listing', 35, '2023-07-02 18:38:44', 24, 'enquery'),
(567, 'listing', 35, '2023-07-02 18:40:41', 24, 'enquery'),
(568, 'listing', 21, '2023-07-02 18:42:53', 0, 'stranger'),
(569, 'listing', 21, '2023-07-02 18:45:46', 0, 'stranger'),
(570, 'listing', 21, '2023-07-02 18:55:18', 0, 'stranger'),
(571, 'listing', 21, '2023-07-02 18:57:11', 0, 'stranger'),
(572, 'listing', 21, '2023-07-02 18:59:01', 0, 'stranger'),
(573, 'listing', 21, '2023-07-02 19:02:33', 25, 'enquery'),
(574, 'listing', 21, '2023-07-02 19:04:01', 25, 'enquery'),
(575, 'listing', 21, '2023-07-02 19:04:34', 0, 'stranger'),
(576, 'listing', 21, '2023-07-02 19:08:19', 0, 'stranger'),
(577, 'listing', 21, '2023-07-02 19:08:38', 0, 'stranger'),
(578, 'listing', 21, '2023-07-02 19:09:09', 0, 'stranger'),
(579, 'listing', 21, '2023-07-02 19:09:19', 0, 'stranger'),
(580, 'listing', 21, '2023-07-02 19:10:13', 0, 'stranger'),
(581, 'listing', 21, '2023-07-02 19:10:40', 0, 'stranger'),
(582, 'listing', 21, '2023-07-02 19:10:52', 0, 'stranger'),
(583, 'listing', 21, '2023-07-02 19:12:31', 0, 'stranger'),
(584, 'listing', 21, '2023-07-02 19:12:39', 0, 'stranger'),
(585, 'listing', 21, '2023-07-02 19:13:04', 0, 'stranger'),
(586, 'listing', 21, '2023-07-02 19:13:20', 0, 'stranger'),
(587, 'listing', 21, '2023-07-02 19:15:16', 0, 'stranger'),
(588, 'listing', 21, '2023-07-02 19:16:09', 0, 'stranger'),
(589, 'listing', 21, '2023-07-02 19:21:12', 0, 'stranger'),
(590, 'listing', 21, '2023-07-02 19:24:41', 0, 'stranger'),
(591, 'listing', 21, '2023-07-02 19:24:57', 26, 'enquery'),
(592, 'listing', 21, '2023-07-02 19:25:34', 26, 'enquery'),
(593, 'listing', 21, '2023-07-02 19:26:58', 26, 'enquery'),
(594, 'listing', 21, '2023-07-02 19:27:55', 26, 'enquery'),
(595, 'listing', 21, '2023-07-02 19:28:39', 26, 'enquery'),
(596, 'listing', 21, '2023-07-02 19:28:58', 26, 'enquery'),
(597, 'listing', 21, '2023-07-02 19:30:02', 62, 'user'),
(598, 'listing', 21, '2023-07-02 19:30:09', 0, 'stranger'),
(599, 'listing', 21, '2023-07-02 19:30:27', 27, 'enquery'),
(600, 'listing', 21, '2023-07-02 19:33:45', 27, 'enquery'),
(601, 'listing', 21, '2023-07-02 19:36:06', 27, 'enquery'),
(602, 'listing', 21, '2023-07-02 19:36:22', 27, 'enquery'),
(603, 'listing', 21, '2023-07-02 19:37:26', 27, 'enquery'),
(604, 'listing', 21, '2023-07-02 19:39:35', 27, 'enquery'),
(605, 'listing', 21, '2023-07-02 19:39:48', 27, 'enquery'),
(606, 'listing', 21, '2023-07-02 19:40:10', 27, 'enquery'),
(607, 'listing', 21, '2023-07-02 19:41:04', 0, 'stranger'),
(608, 'listing', 21, '2023-07-02 19:41:23', 0, 'stranger'),
(609, 'listing', 21, '2023-07-02 19:42:12', 0, 'stranger'),
(610, 'listing', 21, '2023-07-02 19:42:49', 0, 'stranger'),
(611, 'listing', 21, '2023-07-02 19:42:52', 0, 'stranger'),
(612, 'listing', 21, '2023-07-02 19:42:59', 0, 'stranger'),
(613, 'listing', 21, '2023-07-02 19:43:07', 0, 'stranger'),
(614, 'listing', 21, '2023-07-02 19:43:26', 0, 'stranger'),
(615, 'listing', 21, '2023-07-02 19:43:36', 0, 'stranger'),
(616, 'listing', 21, '2023-07-02 19:44:22', 0, 'stranger'),
(617, 'listing', 21, '2023-07-02 19:44:37', 0, 'stranger'),
(618, 'listing', 21, '2023-07-02 19:46:25', 0, 'stranger'),
(619, 'listing', 21, '2023-07-02 19:47:19', 0, 'stranger'),
(620, 'listing', 21, '2023-07-02 19:47:32', 28, 'enquery'),
(621, 'listing', 21, '2023-07-02 19:49:29', 28, 'enquery'),
(622, 'listing', 21, '2023-07-02 19:49:35', 28, 'enquery'),
(623, 'listing', 21, '2023-07-02 19:49:43', 28, 'enquery'),
(624, 'listing', 21, '2023-07-02 19:49:46', 28, 'enquery'),
(625, 'listing', 21, '2023-07-02 19:49:48', 28, 'enquery'),
(626, 'listing', 21, '2023-07-02 19:50:02', 28, 'enquery'),
(627, 'listing', 21, '2023-07-02 19:50:56', 28, 'enquery'),
(628, 'listing', 21, '2023-07-02 19:51:09', 28, 'enquery'),
(629, 'listing', 21, '2023-07-02 19:51:12', 28, 'enquery'),
(630, 'listing', 21, '2023-07-02 19:51:32', 28, 'enquery'),
(631, 'listing', 21, '2023-07-02 19:51:38', 28, 'enquery'),
(632, 'listing', 21, '2023-07-02 19:51:55', 28, 'enquery'),
(633, 'listing', 21, '2023-07-02 19:51:56', 28, 'enquery'),
(634, 'listing', 21, '2023-07-02 19:52:09', 28, 'enquery'),
(635, 'listing', 21, '2023-07-02 19:52:39', 0, 'stranger'),
(636, 'listing', 21, '2023-07-02 19:53:48', 0, 'stranger'),
(637, 'listing', 21, '2023-07-02 19:54:37', 0, 'stranger'),
(638, 'listing', 21, '2023-07-02 19:55:08', 0, 'stranger'),
(639, 'listing', 21, '2023-07-02 19:57:43', 0, 'stranger'),
(640, 'listing', 21, '2023-07-02 19:58:06', 0, 'stranger'),
(641, 'listing', 21, '2023-07-02 19:58:16', 0, 'stranger'),
(642, 'listing', 21, '2023-07-02 19:58:30', 0, 'stranger'),
(643, 'listing', 21, '2023-07-02 19:58:41', 0, 'stranger'),
(644, 'listing', 21, '2023-07-02 19:58:50', 0, 'stranger'),
(645, 'listing', 21, '2023-07-02 19:59:23', 0, 'stranger'),
(646, 'listing', 21, '2023-07-02 19:59:38', 0, 'stranger'),
(647, 'listing', 21, '2023-07-02 20:00:14', 0, 'stranger'),
(648, 'listing', 42, '2023-07-02 20:01:26', 0, 'stranger'),
(649, 'listing', 42, '2023-07-02 20:02:46', 0, 'stranger'),
(650, 'listing', 42, '2023-07-02 20:02:55', 0, 'stranger'),
(651, 'listing', 42, '2023-07-02 20:04:38', 0, 'stranger'),
(652, 'listing', 42, '2023-07-02 20:05:01', 0, 'stranger'),
(653, 'listing', 42, '2023-07-02 20:06:14', 0, 'stranger'),
(654, 'listing', 42, '2023-07-02 20:07:00', 0, 'stranger'),
(655, 'listing', 42, '2023-07-02 20:07:49', 0, 'stranger'),
(656, 'listing', 42, '2023-07-02 20:09:24', 0, 'stranger'),
(657, 'listing', 42, '2023-07-02 20:10:18', 29, 'enquery'),
(658, 'listing', 42, '2023-07-02 20:10:49', 29, 'enquery'),
(659, 'listing', 42, '2023-07-02 20:10:54', 29, 'enquery'),
(660, 'listing', 42, '2023-07-02 20:11:35', 29, 'enquery'),
(661, 'listing', 42, '2023-07-02 20:11:39', 29, 'enquery'),
(662, 'listing', 42, '2023-07-02 20:12:29', 29, 'enquery'),
(663, 'listing', 42, '2023-07-02 20:12:34', 29, 'enquery'),
(664, 'listing', 42, '2023-07-02 20:12:55', 29, 'enquery'),
(665, 'listing', 21, '2023-07-02 20:18:24', 0, 'stranger'),
(666, 'listing', 21, '2023-07-02 20:18:34', 30, 'enquery'),
(667, 'listing', 42, '2023-07-02 20:19:09', 30, 'enquery'),
(668, 'listing', 21, '2023-07-02 20:26:13', 62, 'user'),
(669, 'listing', 21, '2023-07-02 20:26:47', 62, 'user'),
(670, 'listing', 21, '2023-07-02 20:34:45', 156, 'user'),
(671, 'listing', 21, '2023-07-02 20:35:04', 156, 'user'),
(672, 'listing', 21, '2023-07-02 20:43:42', 300, 'user'),
(673, 'listing', 21, '2023-07-03 07:37:33', 166, 'user'),
(674, 'listing', 21, '2023-07-03 07:40:32', 325, 'user'),
(675, 'listing', 21, '2023-07-03 07:41:23', 325, 'user'),
(676, 'listing', 21, '2023-07-03 07:44:41', 325, 'user'),
(677, 'listing', 21, '2023-07-03 07:44:52', 325, 'user'),
(678, 'listing', 21, '2023-07-03 07:46:13', 325, 'user'),
(679, 'listing', 21, '2023-07-03 07:46:52', 325, 'user'),
(680, 'listing', 21, '2023-07-03 07:47:01', 325, 'user'),
(681, 'listing', 21, '2023-07-03 07:47:12', 325, 'user'),
(682, 'listing', 21, '2023-07-03 07:47:57', 325, 'user'),
(683, 'listing', 21, '2023-07-03 07:48:41', 325, 'user'),
(684, 'listing', 21, '2023-07-03 07:49:16', 325, 'user'),
(685, 'listing', 21, '2023-07-03 07:49:52', 325, 'user'),
(686, 'listing', 21, '2023-07-03 07:51:23', 325, 'user'),
(687, 'listing', 21, '2023-07-03 07:51:30', 325, 'user'),
(688, 'listing', 21, '2023-07-03 07:55:40', 325, 'user'),
(689, 'listing', 21, '2023-07-03 07:59:28', 325, 'user'),
(690, 'listing', 21, '2023-07-03 08:00:04', 325, 'user'),
(691, 'listing', 21, '2023-07-03 08:00:30', 325, 'user'),
(692, 'listing', 21, '2023-07-03 08:05:17', 325, 'user'),
(693, 'listing', 21, '2023-07-03 08:05:56', 325, 'user'),
(694, 'listing', 21, '2023-07-03 08:06:47', 325, 'user'),
(695, 'listing', 21, '2023-07-03 08:06:53', 325, 'user'),
(696, 'ac', 166, '2023-07-03 08:06:56', 325, 'user'),
(697, 'listing', 35, '2023-07-03 08:13:52', 325, 'user'),
(698, 'listing', 35, '2023-07-03 08:20:36', 325, 'user'),
(699, 'listing', 35, '2023-07-03 08:21:11', 325, 'user'),
(700, 'listing', 21, '2023-07-03 11:40:57', 0, 'stranger'),
(701, 'listing', 21, '2023-07-03 11:42:26', 0, 'stranger'),
(702, 'listing', 21, '2023-07-03 11:44:49', 31, 'enquery'),
(703, 'listing', 21, '2023-07-03 11:45:39', 166, 'user'),
(704, 'listing', 21, '2023-07-03 11:46:11', 166, 'user'),
(705, 'ac', 166, '2023-07-03 11:46:16', 166, 'user'),
(706, 'listing', 21, '2023-07-03 11:53:18', 0, 'stranger'),
(707, 'listing', 21, '2023-07-03 11:53:31', 0, 'stranger'),
(708, 'listing', 35, '2023-07-03 11:54:30', 0, 'stranger'),
(709, 'listing', 21, '2023-07-03 11:54:57', 325, 'user'),
(710, 'listing', 21, '2023-07-03 11:55:52', 325, 'user'),
(711, 'listing', 21, '2023-07-03 11:56:38', 325, 'user'),
(712, 'listing', 21, '2023-07-03 12:10:32', 325, 'user'),
(713, 'listing', 21, '2023-07-03 12:11:01', 325, 'user'),
(714, 'listing', 21, '2023-07-03 12:11:19', 325, 'user'),
(715, 'listing', 21, '2023-07-03 12:14:22', 325, 'user'),
(716, 'listing', 21, '2023-07-03 12:14:53', 325, 'user'),
(717, 'listing', 21, '2023-07-03 12:15:32', 325, 'user'),
(718, 'listing', 21, '2023-07-03 12:16:28', 325, 'user'),
(719, 'listing', 21, '2023-07-03 12:17:15', 325, 'user'),
(720, 'listing', 21, '2023-07-03 12:17:37', 325, 'user'),
(721, 'listing', 21, '2023-07-03 12:17:54', 325, 'user'),
(722, 'listing', 21, '2023-07-03 12:18:38', 325, 'user'),
(723, 'listing', 21, '2023-07-03 12:18:59', 325, 'user'),
(724, 'listing', 21, '2023-07-03 12:19:20', 325, 'user'),
(725, 'listing', 21, '2023-07-03 12:19:35', 325, 'user'),
(726, 'listing', 21, '2023-07-03 12:19:49', 325, 'user'),
(727, 'listing', 21, '2023-07-03 12:20:45', 325, 'user'),
(728, 'listing', 21, '2023-07-03 12:22:34', 325, 'user'),
(729, 'listing', 21, '2023-07-03 12:22:50', 325, 'user'),
(730, 'listing', 21, '2023-07-03 12:23:46', 325, 'user'),
(731, 'listing', 21, '2023-07-03 12:24:19', 325, 'user'),
(732, 'listing', 21, '2023-07-03 12:24:27', 325, 'user'),
(733, 'listing', 21, '2023-07-03 12:26:49', 325, 'user'),
(734, 'listing', 21, '2023-07-03 12:28:09', 325, 'user'),
(735, 'listing', 21, '2023-07-03 12:28:57', 325, 'user'),
(736, 'listing', 21, '2023-07-03 12:29:36', 325, 'user'),
(737, 'listing', 21, '2023-07-03 12:30:08', 325, 'user'),
(738, 'listing', 21, '2023-07-03 12:30:29', 325, 'user'),
(739, 'listing', 21, '2023-07-03 12:30:40', 325, 'user'),
(740, 'listing', 21, '2023-07-03 12:30:48', 325, 'user'),
(741, 'listing', 21, '2023-07-03 12:31:03', 325, 'user'),
(742, 'listing', 21, '2023-07-03 12:31:29', 325, 'user'),
(743, 'listing', 21, '2023-07-03 12:31:38', 325, 'user'),
(744, 'listing', 21, '2023-07-03 12:32:57', 325, 'user'),
(745, 'listing', 21, '2023-07-03 12:33:37', 325, 'user'),
(746, 'listing', 21, '2023-07-03 12:34:30', 325, 'user'),
(747, 'listing', 21, '2023-07-03 13:05:54', 0, 'stranger'),
(748, 'listing', 21, '2023-07-03 13:06:40', 32, 'enquery'),
(749, 'listing', 21, '2023-07-03 17:16:08', 0, 'stranger'),
(750, 'listing', 21, '2023-07-03 17:19:27', 325, 'user'),
(751, 'listing', 21, '2023-07-03 17:56:34', 0, 'stranger'),
(752, 'listing', 21, '2023-07-03 17:56:53', 33, 'enquery'),
(753, 'listing', 21, '2023-07-03 17:59:10', 0, 'stranger'),
(754, 'listing', 21, '2023-07-03 17:59:25', 34, 'enquery'),
(755, 'listing', 21, '2023-07-03 18:01:36', 34, 'enquery'),
(756, 'listing', 21, '2023-07-03 18:01:55', 34, 'enquery'),
(757, 'listing', 21, '2023-07-03 18:02:57', 34, 'enquery'),
(758, 'listing', 21, '2023-07-03 18:15:40', 0, 'stranger'),
(759, 'listing', 21, '2023-07-03 18:15:53', 35, 'enquery'),
(760, 'listing', 21, '2023-07-03 18:28:56', 325, 'user'),
(761, 'listing', 42, '2023-07-03 18:37:20', 325, 'user'),
(762, 'listing', 21, '2023-07-03 18:37:25', 325, 'user'),
(763, 'listing', 21, '2023-07-03 18:37:32', 325, 'user'),
(764, 'listing', 21, '2023-07-03 18:38:04', 325, 'user'),
(765, 'ac', 166, '2023-07-03 18:38:14', 325, 'user'),
(766, 'listing', 21, '2023-07-03 18:38:36', 0, 'stranger'),
(767, 'listing', 21, '2023-07-03 18:38:47', 36, 'enquery'),
(768, 'listing', 21, '2023-07-03 18:45:31', 325, 'user'),
(769, 'listing', 21, '2023-07-03 19:17:51', 62, 'user'),
(770, 'listing', 21, '2023-07-03 19:19:27', 62, 'user'),
(771, 'listing', 21, '2023-07-03 20:24:53', 166, 'user'),
(772, 'listing', 21, '2023-07-03 20:24:53', 166, 'user'),
(773, 'listing', 21, '2023-07-03 20:26:49', 166, 'user'),
(774, 'listing', 21, '2023-07-03 20:26:54', 166, 'user'),
(775, 'listing', 2, '2023-07-03 20:36:41', 325, 'user'),
(776, 'listing', 2, '2023-07-03 20:37:24', 325, 'user'),
(777, 'listing', 2, '2023-07-03 20:38:22', 325, 'user'),
(778, 'listing', 2, '2023-07-03 20:39:19', 325, 'user'),
(779, 'listing', 2, '2023-07-03 20:39:56', 325, 'user'),
(780, 'listing', 2, '2023-07-03 20:43:33', 325, 'user'),
(781, 'listing', 4, '2023-07-04 06:36:00', 329, 'user'),
(782, 'listing', 4, '2023-07-04 06:36:29', 329, 'user'),
(783, 'listing', 4, '2023-07-04 06:37:29', 329, 'user'),
(784, 'ac', 166, '2023-07-04 06:37:39', 329, 'user'),
(785, 'listing', 2, '2023-07-04 10:34:18', 0, 'stranger'),
(786, 'listing', 21, '2023-07-04 11:13:36', 0, 'stranger'),
(787, 'listing', 21, '2023-07-04 11:14:14', 37, 'enquery'),
(788, 'listing', 42, '2023-07-04 11:23:29', 62, 'user'),
(789, 'listing', 42, '2023-07-04 11:24:22', 0, 'stranger'),
(790, 'listing', 42, '2023-07-04 11:34:26', 38, 'enquery'),
(791, 'listing', 42, '2023-07-04 12:35:17', 62, 'user'),
(792, 'listing', 4, '2023-07-04 12:58:44', 62, 'user'),
(793, 'listing', 1, '2023-07-04 13:11:16', 166, 'user'),
(794, 'listing', 1, '2023-07-04 13:44:02', 62, 'user'),
(795, 'listing', 1, '2023-07-04 13:46:50', 0, 'stranger'),
(796, 'listing', 2, '2023-07-04 13:47:06', 0, 'stranger'),
(797, 'listing', 2, '2023-07-04 13:47:48', 0, 'stranger'),
(798, 'listing', 2, '2023-07-04 13:48:14', 0, 'stranger'),
(799, 'listing', 2, '2023-07-04 13:48:48', 39, 'enquery'),
(800, 'listing', 1, '2023-07-05 06:22:56', 0, 'stranger'),
(801, 'listing', 4, '2023-07-05 06:25:43', 0, 'stranger'),
(802, 'listing', 4, '2023-07-05 06:29:13', 0, 'stranger'),
(803, 'listing', 4, '2023-07-05 06:29:50', 0, 'stranger'),
(804, 'listing', 4, '2023-07-05 06:34:44', 0, 'stranger'),
(805, 'listing', 4, '2023-07-10 07:19:54', 166, 'user'),
(806, 'listing', 4, '2023-07-10 07:20:24', 0, 'stranger'),
(807, 'listing', 4, '2023-07-10 07:40:09', 0, 'stranger'),
(808, 'listing', 4, '2023-07-10 07:40:11', 0, 'stranger'),
(809, 'listing', 4, '2023-07-10 07:40:32', 0, 'stranger'),
(810, 'listing', 4, '2023-07-10 13:21:19', 0, 'stranger'),
(811, 'listing', 4, '2023-07-11 06:07:14', 0, 'stranger'),
(812, 'listing', 4, '2023-07-11 10:58:08', 0, 'stranger'),
(813, 'listing', 4, '2023-07-11 10:58:45', 0, 'stranger'),
(814, 'listing', 4, '2023-07-11 10:59:20', 0, 'stranger'),
(815, 'listing', 4, '2023-07-11 10:59:58', 0, 'stranger'),
(816, 'listing', 4, '2023-07-12 06:25:51', 0, 'stranger'),
(817, 'listing', 42, '2023-07-17 13:49:04', 193, 'enquery'),
(818, 'listing', 42, '2023-07-17 13:53:02', 62, 'user'),
(819, 'listing', 4, '2023-07-17 19:46:32', 0, 'stranger'),
(820, 'listing', 10, '2023-07-19 05:20:41', 0, 'stranger'),
(821, 'listing', 10, '2023-07-19 05:21:06', 0, 'stranger'),
(822, 'listing', 10, '2023-07-19 05:27:13', 62, 'user'),
(823, 'listing', 10, '2023-07-19 05:27:21', 62, 'user'),
(824, 'listing', 10, '2023-07-19 05:27:31', 62, 'user'),
(825, 'listing', 10, '2023-07-19 05:27:34', 62, 'user'),
(826, 'listing', 4, '2023-07-19 05:36:10', 0, 'stranger'),
(827, 'listing', 4, '2023-07-19 05:36:18', 40, 'enquery'),
(828, 'listing', 4, '2023-07-19 05:37:09', 40, 'enquery'),
(829, 'listing', 4, '2023-07-19 05:37:14', 62, 'user'),
(830, 'listing', 1, '2023-07-19 05:44:49', 0, 'stranger'),
(831, 'listing', 1, '2023-07-19 05:52:48', 0, 'stranger'),
(832, 'listing', 1, '2023-07-19 05:53:31', 39, 'enquery'),
(833, 'listing', 1, '2023-07-19 05:53:45', 0, 'stranger'),
(834, 'listing', 3, '2023-07-19 06:01:41', 40, 'enquery'),
(835, 'listing', 3, '2023-07-19 06:12:00', 40, 'enquery'),
(836, 'listing', 3, '2023-07-19 06:12:05', 40, 'enquery'),
(837, 'listing', 3, '2023-07-19 06:14:37', 40, 'enquery'),
(838, 'listing', 3, '2023-07-19 06:15:02', 40, 'enquery'),
(839, 'listing', 3, '2023-07-19 06:15:38', 40, 'enquery'),
(840, 'listing', 3, '2023-07-19 06:16:23', 40, 'enquery'),
(841, 'listing', 3, '2023-07-19 06:16:27', 40, 'enquery'),
(842, 'listing', 3, '2023-07-19 06:16:40', 40, 'enquery'),
(843, 'listing', 3, '2023-07-19 06:17:23', 40, 'enquery'),
(844, 'listing', 3, '2023-07-19 06:18:00', 40, 'enquery'),
(845, 'listing', 3, '2023-07-19 06:18:35', 40, 'enquery'),
(846, 'listing', 3, '2023-07-19 06:19:14', 40, 'enquery'),
(847, 'listing', 3, '2023-07-19 06:19:57', 40, 'enquery'),
(848, 'listing', 3, '2023-07-19 06:20:06', 40, 'enquery'),
(849, 'listing', 3, '2023-07-19 06:20:28', 40, 'enquery'),
(850, 'listing', 3, '2023-07-19 06:20:54', 40, 'enquery'),
(851, 'listing', 3, '2023-07-19 06:21:49', 40, 'enquery'),
(852, 'listing', 3, '2023-07-19 06:21:55', 40, 'enquery'),
(853, 'listing', 3, '2023-07-19 06:22:07', 40, 'enquery'),
(854, 'listing', 3, '2023-07-19 06:22:23', 40, 'enquery'),
(855, 'listing', 3, '2023-07-19 06:22:45', 40, 'enquery'),
(856, 'listing', 3, '2023-07-19 06:23:15', 40, 'enquery'),
(857, 'listing', 0, '2023-07-19 06:23:22', 40, 'enquery'),
(858, 'listing', 3, '2023-07-19 06:23:25', 40, 'enquery'),
(859, 'listing', 3, '2023-07-19 06:23:55', 40, 'enquery'),
(860, 'listing', 3, '2023-07-19 06:25:02', 40, 'enquery'),
(861, 'listing', 3, '2023-07-19 06:25:20', 40, 'enquery'),
(862, 'listing', 3, '2023-07-19 06:27:15', 40, 'enquery'),
(863, 'listing', 3, '2023-07-19 06:27:39', 40, 'enquery'),
(864, 'listing', 3, '2023-07-19 06:28:08', 40, 'enquery'),
(865, 'listing', 3, '2023-07-19 06:28:58', 40, 'enquery'),
(866, 'listing', 3, '2023-07-19 06:30:32', 41, 'enquery'),
(867, 'listing', 3, '2023-07-19 06:31:57', 41, 'enquery'),
(868, 'listing', 3, '2023-07-19 06:33:05', 41, 'enquery'),
(869, 'listing', 3, '2023-07-19 06:33:27', 41, 'enquery'),
(870, 'listing', 3, '2023-07-19 06:33:39', 41, 'enquery'),
(871, 'listing', 3, '2023-07-19 06:33:47', 41, 'enquery'),
(872, 'listing', 3, '2023-07-19 06:34:01', 41, 'enquery'),
(873, 'listing', 3, '2023-07-19 06:34:07', 41, 'enquery'),
(874, 'listing', 3, '2023-07-19 06:34:09', 41, 'enquery'),
(875, 'listing', 4, '2023-07-19 06:34:41', 0, 'stranger'),
(876, 'listing', 11, '2023-07-19 06:35:07', 41, 'enquery'),
(877, 'listing', 11, '2023-07-19 06:35:24', 41, 'enquery'),
(878, 'listing', 11, '2023-07-19 06:36:32', 41, 'enquery'),
(879, 'listing', 11, '2023-07-19 06:36:44', 41, 'enquery'),
(880, 'listing', 11, '2023-07-19 06:37:07', 41, 'enquery'),
(881, 'listing', 11, '2023-07-19 06:37:26', 41, 'enquery'),
(882, 'listing', 11, '2023-07-19 06:38:08', 41, 'enquery'),
(883, 'listing', 11, '2023-07-19 06:38:31', 41, 'enquery'),
(884, 'listing', 11, '2023-07-19 06:38:55', 41, 'enquery'),
(885, 'listing', 11, '2023-07-19 06:39:10', 41, 'enquery'),
(886, 'listing', 11, '2023-07-19 06:39:13', 41, 'enquery'),
(887, 'listing', 10, '2023-07-19 06:39:25', 41, 'enquery'),
(888, 'listing', 10, '2023-07-19 06:39:39', 41, 'enquery'),
(889, 'listing', 20, '2023-07-19 06:40:05', 0, 'stranger'),
(890, 'listing', 20, '2023-07-19 06:40:12', 43, 'enquery'),
(891, 'listing', 2, '2023-07-19 06:40:38', 62, 'user'),
(892, 'listing', 47, '2023-07-19 06:41:58', 62, 'user'),
(893, 'listing', 47, '2023-07-19 06:48:43', 62, 'user'),
(894, 'listing', 47, '2023-07-19 06:52:05', 62, 'user'),
(895, 'listing', 47, '2023-07-19 06:52:17', 62, 'user'),
(896, 'listing', 47, '2023-07-19 06:52:43', 62, 'user'),
(897, 'listing', 47, '2023-07-19 06:53:51', 62, 'user'),
(898, 'listing', 47, '2023-07-19 06:54:03', 62, 'user'),
(899, 'listing', 47, '2023-07-19 06:54:27', 62, 'user'),
(900, 'listing', 47, '2023-07-19 06:55:43', 62, 'user'),
(901, 'listing', 47, '2023-07-19 06:55:52', 62, 'user'),
(902, 'listing', 47, '2023-07-19 06:57:17', 62, 'user'),
(903, 'listing', 47, '2023-07-19 06:58:01', 62, 'user');
INSERT INTO `views_count` (`views_count_id`, `views_count_of`, `views_count_of_id`, `views_count_timestamp`, `views_count_by_id`, `views_count_by`) VALUES
(904, 'listing', 47, '2023-07-19 06:58:57', 62, 'user'),
(905, 'listing', 47, '2023-07-19 06:59:00', 62, 'user'),
(906, 'listing', 47, '2023-07-19 06:59:11', 62, 'user'),
(907, 'listing', 47, '2023-07-19 06:59:36', 62, 'user'),
(908, 'listing', 47, '2023-07-19 06:59:37', 62, 'user'),
(909, 'listing', 47, '2023-07-19 07:00:01', 62, 'user'),
(910, 'listing', 21, '2023-07-19 07:00:24', 0, 'stranger'),
(911, 'listing', 21, '2023-07-19 07:00:29', 46, 'enquery'),
(912, 'listing', 21, '2023-07-19 07:00:32', 46, 'enquery'),
(913, 'listing', 21, '2023-07-19 07:00:57', 62, 'user'),
(914, 'listing', 21, '2023-07-19 07:01:03', 62, 'user'),
(915, 'ac', 166, '2023-07-19 07:01:05', 62, 'user'),
(916, 'listing', 21, '2023-07-19 07:01:07', 62, 'user'),
(917, 'listing', 21, '2023-07-19 07:01:26', 62, 'user'),
(918, 'listing', 21, '2023-07-19 07:01:34', 62, 'user'),
(919, 'listing', 21, '2023-07-19 07:01:42', 62, 'user'),
(920, 'listing', 21, '2023-07-19 07:01:58', 62, 'user'),
(921, 'listing', 21, '2023-07-19 07:08:22', 62, 'user'),
(922, 'listing', 21, '2023-07-19 07:08:38', 62, 'user'),
(923, 'listing', 21, '2023-07-19 07:09:05', 62, 'user'),
(924, 'listing', 21, '2023-07-19 07:09:14', 62, 'user'),
(925, 'listing', 21, '2023-07-19 07:09:15', 62, 'user'),
(926, 'listing', 21, '2023-07-19 07:10:13', 62, 'user'),
(927, 'listing', 21, '2023-07-19 07:10:27', 62, 'user'),
(928, 'listing', 21, '2023-07-19 07:11:10', 62, 'user'),
(929, 'listing', 21, '2023-07-19 07:11:24', 62, 'user'),
(930, 'listing', 21, '2023-07-19 07:12:19', 62, 'user'),
(931, 'listing', 21, '2023-07-19 07:12:46', 62, 'user'),
(932, 'listing', 21, '2023-07-19 07:13:20', 62, 'user'),
(933, 'listing', 21, '2023-07-19 07:14:56', 62, 'user'),
(934, 'listing', 21, '2023-07-19 07:14:59', 62, 'user'),
(935, 'listing', 21, '2023-07-19 07:15:03', 62, 'user'),
(936, 'listing', 21, '2023-07-19 07:15:37', 62, 'user'),
(937, 'listing', 21, '2023-07-19 07:15:45', 62, 'user'),
(938, 'listing', 21, '2023-07-19 07:16:06', 62, 'user'),
(939, 'ac', 166, '2023-07-19 07:16:11', 62, 'user'),
(940, 'listing', 21, '2023-07-19 07:16:18', 62, 'user'),
(941, 'listing', 21, '2023-07-19 07:16:28', 62, 'user'),
(942, 'listing', 21, '2023-07-19 07:16:54', 62, 'user'),
(943, 'listing', 21, '2023-07-19 07:17:07', 62, 'user'),
(944, 'listing', 21, '2023-07-19 07:21:34', 62, 'user'),
(945, 'listing', 21, '2023-07-19 07:21:42', 62, 'user'),
(946, 'listing', 21, '2023-07-19 07:21:44', 62, 'user'),
(947, 'listing', 21, '2023-07-19 07:21:54', 62, 'user'),
(948, 'listing', 20, '2023-07-19 07:22:07', 0, 'stranger'),
(949, 'listing', 35, '2023-07-19 07:22:14', 51, 'enquery'),
(950, 'listing', 35, '2023-07-19 07:22:19', 51, 'enquery'),
(951, 'listing', 35, '2023-07-19 07:23:32', 51, 'enquery'),
(952, 'listing', 35, '2023-07-19 07:23:40', 51, 'enquery'),
(953, 'listing', 35, '2023-07-19 07:23:46', 51, 'enquery'),
(954, 'listing', 35, '2023-07-19 07:23:52', 62, 'user'),
(955, 'listing', 35, '2023-07-19 07:24:13', 0, 'stranger'),
(956, 'listing', 35, '2023-07-19 07:24:15', 52, 'enquery'),
(957, 'listing', 35, '2023-07-19 07:24:21', 62, 'user'),
(958, 'listing', 35, '2023-07-19 07:24:37', 0, 'stranger'),
(959, 'listing', 35, '2023-07-19 07:24:41', 62, 'user'),
(960, 'listing', 20, '2023-07-19 07:25:14', 0, 'stranger'),
(961, 'listing', 20, '2023-07-19 07:25:43', 52, 'enquery'),
(962, 'listing', 20, '2023-07-19 07:25:49', 52, 'enquery'),
(963, 'listing', 3, '2023-07-19 07:38:04', 0, 'stranger'),
(964, 'listing', 3, '2023-07-19 07:38:26', 54, 'enquery'),
(965, 'listing', 2, '2023-07-19 07:38:39', 54, 'enquery'),
(966, 'listing', 2, '2023-07-19 07:38:41', 54, 'enquery'),
(967, 'listing', 3, '2023-07-19 07:39:23', 62, 'user'),
(968, 'listing', 3, '2023-07-19 07:47:59', 62, 'user'),
(969, 'listing', 2, '2023-07-19 07:48:15', 62, 'user'),
(970, 'listing', 2, '2023-07-19 07:49:09', 62, 'user'),
(971, 'listing', 2, '2023-07-19 07:51:59', 62, 'user'),
(972, 'listing', 2, '2023-07-19 07:52:03', 62, 'user'),
(973, 'listing', 2, '2023-07-19 07:52:05', 62, 'user'),
(974, 'listing', 2, '2023-07-19 07:52:10', 62, 'user'),
(975, 'listing', 2, '2023-07-19 07:52:53', 62, 'user'),
(976, 'listing', 10, '2023-07-19 07:53:10', 62, 'user'),
(977, 'listing', 10, '2023-07-19 07:53:15', 62, 'user'),
(978, 'listing', 10, '2023-07-19 07:53:21', 62, 'user'),
(979, 'listing', 11, '2023-07-19 07:53:28', 62, 'user'),
(980, 'ac', 166, '2023-07-19 07:53:32', 62, 'user'),
(981, 'listing', 35, '2023-07-19 07:54:37', 62, 'user'),
(982, 'listing', 35, '2023-07-19 07:54:39', 62, 'user'),
(983, 'listing', 21, '2023-07-19 07:55:00', 62, 'user'),
(984, 'listing', 21, '2023-07-19 07:55:03', 62, 'user'),
(985, 'listing', 21, '2023-07-19 07:55:30', 62, 'user'),
(986, 'listing', 47, '2023-07-19 07:55:51', 62, 'user'),
(987, 'listing', 47, '2023-07-19 07:55:53', 62, 'user'),
(988, 'listing', 47, '2023-07-19 07:56:47', 62, 'user'),
(989, 'listing', 21, '2023-07-19 08:05:42', 337, 'user'),
(990, 'listing', 21, '2023-07-19 08:06:24', 337, 'user'),
(991, 'listing', 21, '2023-07-19 08:06:32', 337, 'user'),
(992, 'listing', 11, '2023-07-19 08:06:38', 337, 'user'),
(993, 'listing', 11, '2023-07-19 08:06:55', 337, 'user'),
(994, 'ac', 166, '2023-07-19 08:07:02', 337, 'user'),
(995, 'listing', 2, '2023-07-19 08:07:38', 0, 'stranger'),
(996, 'listing', 2, '2023-07-19 08:08:38', 60, 'enquery'),
(997, 'listing', 2, '2023-07-19 08:08:44', 60, 'enquery'),
(998, 'listing', 2, '2023-07-19 08:09:04', 60, 'enquery'),
(999, 'listing', 2, '2023-07-19 08:09:40', 60, 'enquery'),
(1000, 'listing', 2, '2023-07-19 08:09:52', 60, 'enquery'),
(1001, 'listing', 2, '2023-07-19 08:10:18', 60, 'enquery'),
(1002, 'listing', 2, '2023-07-19 08:10:24', 60, 'enquery'),
(1003, 'listing', 3, '2023-07-19 08:10:28', 60, 'enquery'),
(1004, 'listing', 1, '2023-07-19 08:10:31', 60, 'enquery'),
(1005, 'listing', 3, '2023-07-19 08:10:50', 60, 'enquery'),
(1006, 'listing', 13, '2023-07-19 09:09:53', 60, 'enquery'),
(1007, 'listing', 13, '2023-07-19 09:10:25', 60, 'enquery'),
(1008, 'listing', 13, '2023-07-19 09:10:34', 60, 'enquery'),
(1009, 'listing', 13, '2023-07-19 09:11:21', 60, 'enquery'),
(1010, 'listing', 1, '2023-07-19 09:11:26', 60, 'enquery'),
(1011, 'listing', 1, '2023-07-19 09:13:14', 60, 'enquery'),
(1012, 'listing', 2, '2023-07-19 09:13:50', 0, 'stranger'),
(1013, 'listing', 2, '2023-07-19 09:16:56', 235, 'enquery'),
(1014, 'listing', 21, '2023-07-19 09:17:14', 0, 'stranger'),
(1015, 'listing', 21, '2023-07-19 09:17:51', 63, 'enquery'),
(1016, 'listing', 21, '2023-07-19 09:21:10', 62, 'user'),
(1017, 'listing', 11, '2023-07-19 09:23:35', 0, 'stranger'),
(1018, 'listing', 11, '2023-07-19 09:23:38', 63, 'enquery'),
(1019, 'listing', 11, '2023-07-19 09:24:31', 62, 'user'),
(1020, 'listing', 11, '2023-07-19 09:24:37', 62, 'user'),
(1021, 'listing', 21, '2023-07-19 09:24:44', 62, 'user'),
(1022, 'listing', 47, '2023-07-19 09:24:49', 62, 'user'),
(1023, 'listing', 47, '2023-07-19 09:25:54', 62, 'user'),
(1024, 'listing', 47, '2023-07-19 09:26:03', 62, 'user'),
(1025, 'listing', 47, '2023-07-19 09:26:19', 62, 'user'),
(1026, 'listing', 42, '2023-07-19 09:26:27', 62, 'user'),
(1027, 'listing', 42, '2023-07-19 09:27:07', 62, 'user'),
(1028, 'listing', 42, '2023-07-19 09:27:16', 62, 'user'),
(1029, 'listing', 42, '2023-07-19 09:27:31', 62, 'user'),
(1030, 'listing', 42, '2023-07-19 09:27:37', 62, 'user'),
(1031, 'listing', 42, '2023-07-19 09:27:41', 62, 'user'),
(1032, 'listing', 42, '2023-07-19 09:27:48', 62, 'user'),
(1033, 'listing', 42, '2023-07-19 09:28:01', 62, 'user'),
(1034, 'listing', 42, '2023-07-19 09:28:10', 62, 'user'),
(1035, 'listing', 42, '2023-07-19 09:28:25', 62, 'user'),
(1036, 'listing', 42, '2023-07-19 09:28:40', 62, 'user'),
(1037, 'listing', 42, '2023-07-19 09:28:49', 62, 'user'),
(1038, 'listing', 20, '2023-07-19 09:28:56', 62, 'user'),
(1039, 'listing', 20, '2023-07-19 09:29:25', 62, 'user'),
(1040, 'listing', 20, '2023-07-19 09:29:34', 62, 'user'),
(1041, 'listing', 20, '2023-07-19 09:29:40', 62, 'user'),
(1042, 'listing', 20, '2023-07-19 09:29:42', 62, 'user'),
(1043, 'listing', 20, '2023-07-19 09:30:43', 62, 'user'),
(1044, 'listing', 20, '2023-07-19 09:31:15', 62, 'user'),
(1045, 'listing', 20, '2023-07-19 09:31:20', 62, 'user'),
(1046, 'listing', 20, '2023-07-19 09:34:11', 62, 'user'),
(1047, 'listing', 20, '2023-07-19 09:35:46', 62, 'user'),
(1048, 'listing', 20, '2023-07-19 09:36:20', 62, 'user'),
(1049, 'listing', 20, '2023-07-19 09:36:22', 62, 'user'),
(1050, 'listing', 2, '2023-07-19 09:38:04', 0, 'stranger'),
(1051, 'listing', 2, '2023-07-19 09:38:40', 0, 'stranger'),
(1052, 'listing', 1, '2023-07-22 13:09:14', 62, 'user'),
(1053, 'listing', 1, '2023-07-22 13:09:14', 62, 'user'),
(1054, 'listing', 1, '2023-07-22 13:13:58', 62, 'user'),
(1055, 'listing', 1, '2023-07-22 13:14:27', 62, 'user'),
(1056, 'listing', 1, '2023-07-22 13:14:39', 62, 'user'),
(1057, 'listing', 1, '2023-07-22 13:15:18', 62, 'user'),
(1058, 'listing', 1, '2023-07-22 13:15:44', 62, 'user'),
(1059, 'listing', 1, '2023-07-22 13:15:59', 62, 'user'),
(1060, 'listing', 1, '2023-07-22 13:17:19', 62, 'user'),
(1061, 'listing', 1, '2023-07-22 13:19:36', 62, 'user'),
(1062, 'listing', 1, '2023-07-22 13:19:45', 62, 'user'),
(1063, 'listing', 1, '2023-07-22 13:21:39', 62, 'user'),
(1064, 'listing', 1, '2023-07-22 13:21:47', 62, 'user'),
(1065, 'listing', 1, '2023-07-22 13:21:54', 62, 'user'),
(1066, 'listing', 1, '2023-07-22 13:21:58', 62, 'user'),
(1067, 'listing', 1, '2023-07-22 13:22:29', 62, 'user'),
(1068, 'listing', 1, '2023-07-22 13:23:41', 62, 'user'),
(1069, 'listing', 1, '2023-07-22 13:24:03', 62, 'user'),
(1070, 'listing', 1, '2023-07-22 13:26:10', 62, 'user'),
(1071, 'listing', 1, '2023-07-22 13:27:10', 62, 'user'),
(1072, 'listing', 1, '2023-07-24 14:51:12', 0, 'stranger'),
(1073, 'listing', 1, '2023-07-24 14:51:40', 67, 'enquery'),
(1074, 'listing', 2, '2023-07-25 12:13:44', 62, 'user'),
(1075, 'listing', 2, '2023-07-25 12:13:44', 62, 'user'),
(1076, 'listing', 2, '2023-07-25 12:13:50', 62, 'user'),
(1077, 'listing', 3, '2023-07-25 14:16:23', 62, 'user'),
(1078, 'ac', 166, '2023-07-25 14:16:27', 62, 'user'),
(1079, 'listing', 2, '2023-07-25 16:48:19', 166, 'user'),
(1080, 'listing', 21, '2023-07-25 16:50:44', 166, 'user'),
(1081, 'listing', 2, '2023-07-25 16:50:53', 166, 'user'),
(1082, 'listing', 1, '2023-07-25 17:06:07', 0, 'stranger'),
(1083, 'listing', 3, '2023-07-25 17:18:05', 0, 'stranger'),
(1084, 'listing', 1, '2023-07-25 17:20:47', 0, 'stranger'),
(1085, 'listing', 2, '2023-07-25 17:38:56', 0, 'stranger'),
(1086, 'listing', 2, '2023-07-25 17:39:05', 166, 'user'),
(1087, 'listing', 1, '2023-07-25 17:40:54', 0, 'stranger'),
(1088, 'listing', 1, '2023-07-25 17:41:14', 69, 'enquery'),
(1089, 'listing', 1, '2023-07-25 17:41:32', 69, 'enquery'),
(1090, 'listing', 1, '2023-07-25 17:54:51', 0, 'stranger'),
(1091, 'listing', 2, '2023-07-25 17:58:15', 166, 'user'),
(1092, 'listing', 2, '2023-07-25 17:58:18', 166, 'user'),
(1093, 'listing', 3, '2023-07-25 17:59:25', 0, 'stranger'),
(1094, 'listing', 3, '2023-07-25 18:07:56', 72, 'enquery'),
(1095, 'listing', 3, '2023-07-25 18:08:01', 72, 'enquery'),
(1096, 'listing', 10, '2023-07-25 18:08:19', 72, 'enquery'),
(1097, 'listing', 10, '2023-07-25 18:08:21', 72, 'enquery'),
(1098, 'listing', 3, '2023-07-25 18:08:33', 72, 'enquery'),
(1099, 'listing', 3, '2023-07-25 18:08:39', 62, 'user'),
(1100, 'listing', 3, '2023-07-25 18:09:14', 62, 'user'),
(1101, 'listing', 3, '2023-07-25 18:12:04', 62, 'user'),
(1102, 'listing', 3, '2023-07-25 18:12:07', 62, 'user'),
(1103, 'ac', 166, '2023-07-25 18:12:22', 62, 'user'),
(1104, 'listing', 3, '2023-07-25 18:19:15', 62, 'user'),
(1105, 'listing', 3, '2023-07-25 18:19:21', 62, 'user'),
(1106, 'listing', 3, '2023-07-25 18:20:14', 62, 'user'),
(1107, 'listing', 3, '2023-07-25 18:20:40', 62, 'user'),
(1108, 'listing', 3, '2023-07-25 18:20:42', 62, 'user'),
(1109, 'listing', 1, '2023-07-25 18:39:25', 62, 'user'),
(1110, 'listing', 1, '2023-07-25 18:40:43', 62, 'user'),
(1111, 'listing', 1, '2023-07-25 19:01:29', 62, 'user'),
(1112, 'listing', 1, '2023-07-25 19:01:59', 62, 'user');

--
-- Indexes for dumped tables
--

--
-- Indexes for table `category`
--
ALTER TABLE `category`
  ADD PRIMARY KEY (`category_id`),
  ADD UNIQUE KEY `category_name` (`category_name`);

--
-- Indexes for table `cities`
--
ALTER TABLE `cities`
  ADD PRIMARY KEY (`city_id`);

--
-- Indexes for table `contact`
--
ALTER TABLE `contact`
  ADD PRIMARY KEY (`contact_id`);

--
-- Indexes for table `countries`
--
ALTER TABLE `countries`
  ADD PRIMARY KEY (`country_id`);

--
-- Indexes for table `cummunity_member`
--
ALTER TABLE `cummunity_member`
  ADD PRIMARY KEY (`member_id`);

--
-- Indexes for table `enquery`
--
ALTER TABLE `enquery`
  ADD PRIMARY KEY (`enquery_id`);

--
-- Indexes for table `listing`
--
ALTER TABLE `listing`
  ADD PRIMARY KEY (`listing_id`);

--
-- Indexes for table `listing_rating`
--
ALTER TABLE `listing_rating`
  ADD PRIMARY KEY (`listing_rating_id`);

--
-- Indexes for table `message`
--
ALTER TABLE `message`
  ADD PRIMARY KEY (`message_id`);

--
-- Indexes for table `report`
--
ALTER TABLE `report`
  ADD PRIMARY KEY (`report_id`);

--
-- Indexes for table `states`
--
ALTER TABLE `states`
  ADD PRIMARY KEY (`state_id`);

--
-- Indexes for table `sub_category`
--
ALTER TABLE `sub_category`
  ADD PRIMARY KEY (`sub_category_id`);

--
-- Indexes for table `unregistered_users_entries`
--
ALTER TABLE `unregistered_users_entries`
  ADD PRIMARY KEY (`unregistered_user_id`),
  ADD UNIQUE KEY `unregistered_user_username` (`unregistered_user_username`),
  ADD UNIQUE KEY `unregistered_user_email` (`unregistered_user_email`),
  ADD UNIQUE KEY `unregistered_user_phone` (`unregistered_user_phone`);

--
-- Indexes for table `users_entries`
--
ALTER TABLE `users_entries`
  ADD PRIMARY KEY (`user_id`),
  ADD UNIQUE KEY `user_username` (`user_username`),
  ADD UNIQUE KEY `user_email` (`user_email`);

--
-- Indexes for table `user_interaction`
--
ALTER TABLE `user_interaction`
  ADD PRIMARY KEY (`interaction_id`);

--
-- Indexes for table `views_count`
--
ALTER TABLE `views_count`
  ADD PRIMARY KEY (`views_count_id`);

--
-- AUTO_INCREMENT for dumped tables
--

--
-- AUTO_INCREMENT for table `category`
--
ALTER TABLE `category`
  MODIFY `category_id` int(200) NOT NULL AUTO_INCREMENT, AUTO_INCREMENT=122;

--
-- AUTO_INCREMENT for table `cities`
--
ALTER TABLE `cities`
  MODIFY `city_id` int(11) NOT NULL AUTO_INCREMENT, AUTO_INCREMENT=604;

--
-- AUTO_INCREMENT for table `contact`
--
ALTER TABLE `contact`
  MODIFY `contact_id` int(200) NOT NULL AUTO_INCREMENT, AUTO_INCREMENT=2;

--
-- AUTO_INCREMENT for table `countries`
--
ALTER TABLE `countries`
  MODIFY `country_id` int(11) NOT NULL AUTO_INCREMENT, AUTO_INCREMENT=3;

--
-- AUTO_INCREMENT for table `cummunity_member`
--
ALTER TABLE `cummunity_member`
  MODIFY `member_id` int(200) NOT NULL AUTO_INCREMENT, AUTO_INCREMENT=38;

--
-- AUTO_INCREMENT for table `enquery`
--
ALTER TABLE `enquery`
  MODIFY `enquery_id` int(100) NOT NULL AUTO_INCREMENT, AUTO_INCREMENT=75;

--
-- AUTO_INCREMENT for table `listing`
--
ALTER TABLE `listing`
  MODIFY `listing_id` int(255) NOT NULL AUTO_INCREMENT, AUTO_INCREMENT=59;

--
-- AUTO_INCREMENT for table `listing_rating`
--
ALTER TABLE `listing_rating`
  MODIFY `listing_rating_id` int(200) NOT NULL AUTO_INCREMENT, AUTO_INCREMENT=6;

--
-- AUTO_INCREMENT for table `message`
--
ALTER TABLE `message`
  MODIFY `message_id` int(100) NOT NULL AUTO_INCREMENT, AUTO_INCREMENT=153;

--
-- AUTO_INCREMENT for table `report`
--
ALTER TABLE `report`
  MODIFY `report_id` int(100) NOT NULL AUTO_INCREMENT, AUTO_INCREMENT=37;

--
-- AUTO_INCREMENT for table `states`
--
ALTER TABLE `states`
  MODIFY `state_id` int(11) NOT NULL AUTO_INCREMENT, AUTO_INCREMENT=36;

--
-- AUTO_INCREMENT for table `sub_category`
--
ALTER TABLE `sub_category`
  MODIFY `sub_category_id` int(11) NOT NULL AUTO_INCREMENT, AUTO_INCREMENT=285;

--
-- AUTO_INCREMENT for table `unregistered_users_entries`
--
ALTER TABLE `unregistered_users_entries`
  MODIFY `unregistered_user_id` int(255) NOT NULL AUTO_INCREMENT, AUTO_INCREMENT=196;

--
-- AUTO_INCREMENT for table `users_entries`
--
ALTER TABLE `users_entries`
  MODIFY `user_id` int(255) NOT NULL AUTO_INCREMENT, AUTO_INCREMENT=365;

--
-- AUTO_INCREMENT for table `user_interaction`
--
ALTER TABLE `user_interaction`
  MODIFY `interaction_id` int(110) NOT NULL AUTO_INCREMENT, AUTO_INCREMENT=230;

--
-- AUTO_INCREMENT for table `views_count`
--
ALTER TABLE `views_count`
  MODIFY `views_count_id` int(200) NOT NULL AUTO_INCREMENT, AUTO_INCREMENT=1113;
COMMIT;

/*!40101 SET CHARACTER_SET_CLIENT=@OLD_CHARACTER_SET_CLIENT */;
/*!40101 SET CHARACTER_SET_RESULTS=@OLD_CHARACTER_SET_RESULTS */;
/*!40101 SET COLLATION_CONNECTION=@OLD_COLLATION_CONNECTION */;
